N£mero;Ano;Tipo;Mat‚ria;Ementa;Dt. Tramita‡Æo;Setor;Autores;Situa‡Æo;Veto;Lei
2885;2015;PLL;287;INCLUI ART. 50-M  NA LEI N. 5.811, DE 8 DE DEZEMBRO DE 1986 - QUE ESTABELECE O SISTEMA DE CLASSIFICACAO DE CARGOS E FUNCOES DA CAMARA MUNICIPAL DE PORTO ALEGRE E DA OUTRAS PROVIDENCIAS -, E ALTERACOES POSTERIORES, CRIANDO A GRATIFICACAO PELO EXERCICIO DE  ATIVIDADES ESPECIAIS E DE APOIO EM EVENTOS (GEA) E DANDO OUTRAS PROVIDENCIAS.;14/09/2016;DL - DIRETORIA LEGISLATIVA;MESA DIRETORA;APROVADO;;11987
2883;2015;PLL;285;INCLUI ART. 50-N NA LEI N. 5.811, DE 8 DE DEZEMBRO DE 1986 - QUE ESTABELECE O SISTEMA DE CLASSIFICACAO DE CARGOS E FUNCOES DA CAMARA MUNICIPAL DE PORTO ALEGRE E DA OUTRAS PROVIDENCIAS -, E ALTERACOES POSTERIORES, CRIANDO A GRATIFICACAO PELA ATIVIDADE DE SEGURANCA PARLAMENTAR (GASP) E DANDO OUTROS PROVIDENCIAS.;14/09/2016;DL - DIRETORIA LEGISLATIVA;MESA DIRETORA;APROVADO;;11986
2824;2015;PLL;277;INCLUI A EFEMERIDE DIA MUNICIPAL DA PREMATURIDADE NO ANEXO DA LEI N. 10.904, DE 31 DE MAIO DE 2010 - CALENDARIO DE DATAS COMEMORATIVAS E DE CONSCIENTIZACAO DO MUNICIPIO DE PORTO ALEGRE -, E ALTERACOES POSTERIORES, NO DIA 17 DE NOVEMBRO.;17/05/2016;ARQ - SETOR DE ARQUIVO;MENDES RIBEIRO;APROVADO;;11999
2755;2015;PLL;266;INCLUI PARAGRAFO 6. NO ART. 50, PARAGRAFOS 5. E 6. NO ART. 50-F, PARAGRAFOS 5. E 6. NO ART. 50-G E PARAGRAFO 10 NO ART. 50-L DA LEI N. 5.811, DE 8 DE DEZEMBRO DE 1986 - QUE ESTABELECE O SISTEMA DE CLASSIFICACAO DE CARGOS E FUNCOES DA CAMARA MUNICIPAL DE PORTO ALEGRE E DA OUTRAS PROVIDENCIAS -, E ALTERACOES POSTERIORES.;17/05/2016;ARQ - SETOR DE ARQUIVO;MESA DIRETORA;APROVADO;;11974
2707;2015;PLCE;26;INSTITUI O SISTEMA FINANCEIRO DE ADMINISTRACAO CENTRALIZADA (SICAF), COMO INSTRUMENTO DE CENTRALIZACAO EM CONTA BANCARIA UNICA DOS RECURSOS FINANCEIROS DO PODER EXECUTIVO DO MUNICIPIO DE PORTO ALEGRE.;26/07/2016;ARQ - SETOR DE ARQUIVO;GOVERNO MUNICIPAL;APROVADO;;787
2633;2015;PLCE;24;INCLUI O CAPITULO IX AO TITULO III DA LEI COMPLEMENTAR N. 7, DE 7 DE DEZEMBRO DE 1973, QUE INSTITUI E DISCIPLINA OS TRIBUTOS DE COMPETENCIA DO MUNICIPIO E ESTABELECE NORMAS GERAIS DE DIREITO TRIBUTARIO.;17/05/2016;ARQ - SETOR DE ARQUIVO;GOVERNO MUNICIPAL;APROVADO;;786
2632;2015;PLE;41;DISPOE SOBRE A REGULARIZACAO DOS DEBITOS DAS INSTITUICOES CONVENIADAS COM O MUNICIPIO OU MANTIDAS PELO ESTADO E CADASTRADAS COMO BENEFICIARIAS DA TARIFA SOCIAL NO DEPARTAMENTO MUNICIPAL DE AGUA E ESGOTOS - DMAE, DECORRENTES DA PRESTACAO DOS SERVICOS DE ABASTECIMENTO DE AGUA E REMOCAO DE ESGOTOS.;14/09/2016;DL - DIRETORIA LEGISLATIVA;GOVERNO MUNICIPAL;APROVADO;;12005
2560;2015;PLE;39;CRIA CARGOS DE PROVIMENTO EFETIVO DE PROFESSOR NA ADMINISTRACAO CENTRALIZADA, CONSTANTE NA LEI 6151, DE 13 DE JULHO DE 1988, E ALTERACOES POSTERIORES.;26/07/2016;ARQ - SETOR DE ARQUIVO;GOVERNO MUNICIPAL;APROVADO;;11990
2559;2015;PLE;38;CRIA CARGOS DE PROVIMENTO EFETIVO DE MONITOR NA ADMINISTRACAO CENTRALIZADA CONSTANTES DA LEI N. 6309, DE 28 DE DEZEMBRO DE 1988, E ALTERACOES POSTERIORES, A DA OUTRAS PROVIDENCIAS.;17/08/2016;ARQ - SETOR DE ARQUIVO;GOVERNO MUNICIPAL;APROVADO;;11989
2528;2015;PLE;37;ALTERA OS INCS. I, IV, V E VI DO ART. 1. DA LEI N. 7.930, DE 19 DE DEZEMBRO DE 1996, AUTORIZA O PODER EXECUTIVO MUNICIPAL A PRORROGAR OS PRAZOS DOS CONTRATOS DE CONCESSAO DE USO COM A EMPRESA BR PETROBRAS DISTRIBUIDORA S/A A OUTRAS PROVIDENCIAS.;17/08/2016;ARQ - SETOR DE ARQUIVO;GOVERNO MUNICIPAL;APROVADO;;11982
2503;2015;PLE;36;CRIA NO AMBITO DO MUNICIPIO DE PORTO ALEGRE A CENTRAL DE CONCILIACAO, COMPOSTA DE CAMARA DE INDENIZACOES ADMINISTRATIVAS, CAMARA DE MEDIACAO E CONCILIACAO E CAMARA DE CONCILIACAO DE PRECATORIOS.;21/09/2016;ARQ - SETOR DE ARQUIVO;GOVERNO MUNICIPAL;APROVADO;;12003
2473;2015;PLCL;28;ALTERA O INC. II DO CAPUT DO ART. 2. E O CAPUT DO ART. 9. DA LEI COMPLEMENTAR N. 770, DE 21 DE SETEMBRO DE 2015 - QUE ESTABELECE NORMAS PARA A IMPLANTACAO DE HELIPONTOS NO MUNICIPIO DE PORTO ALEGRE -, CONSIDERANDO-OS COMO ATIVIDADE ESPECIAL E DISPONDO SOBRE SUA LOCALIZACAO.;14/09/2016;DL - DIRETORIA LEGISLATIVA;JOAO CARLOS NEDEL;APROVADO;;789
2379;2015;PLCE;22;"INCLUI O INC. XXVII AO CAPUT DO ART. 21 E O INC. XXX E PARAGRAFO 14 AO CAPUT DO ART. 70, DA LEI COMPLEMENTAR N. 7, DE 7 DE DEZEMBRO DE 1973; E INCLUI O INC. VII E O PARAGRAFO 7. NO ART. 8. DA LEI COMPLEMENTAR N. 197, DE 21 DE MARCO DE 1989.";26/07/2016;ARQ - SETOR DE ARQUIVO;GOVERNO MUNICIPAL;APROVADO;;785
2350;2015;PLE;35;ESTIMA A RECEITA E FIXA A DESPESA DO MUNICIPIO DE PORTO ALEGRE PARA O EXERCICIO ECONOMICO-FINANCEIRO DE 2016.;22/01/2016;PROTOC - SETOR DE PROTOCOLO;GOVERNO MUNICIPAL;APROVADO;;11983
2291;2015;PLCE;21;"ALTERA O PARAGRAFO UNICO DO ART. 20, OS ARTS. 26 E 27 E INCLUI ART. 26-A, TODOS DA LEI COMPLEMENTAR N. 677, DE 19 DE JULHO DE 2011 - QUE ALTERA AO ARTS. 4. E  44. E O ANEXO I E INCLUI ARTS. 36-A, 37-A E 43-A NA LEI N. 6.309, DE 28 DE DEZEMBRO DE 1988, E ALTERACOES POSTERIORES, CRIANDO O GRUPO ESM - ESPECIALIDADE MEDICA E AS CLASSES DE CARGOS DE PROVIMENTO EFETIVO DE MEDICO ESPECIALISTA E DE MEDICO CLINICO GERAL, EXTINGUINDO A CLASSE DE CARGOS DE PROVIMENTO EFETIVO DE MEDICO E DANDO OUTRAS PROVIDENCIAS; ALTERA O ART. 37 DA LEI COMPLEMENTAR N. 133, DE 31 DE DEZEMBRO DE 1985, E ALTERACOES POSTERIORES; REVOGA O ART. 1. E ALTERA O ART. 2. DA LEI N. 10.959, DE 7 DE OUTUBRO DE 2010, E ALTERACOES POSTERIORES; E DA OUTRAS PROVIDENCIAS -, DISPONDO SOBRE REGIME ESPECIAL DE TRABALHO E GRATIFICACAO DE INCENTIVO MEDICO (GIM) DE SERVIDORES DE";12/05/2016;ARQ - SETOR DE ARQUIVO;GOVERNO MUNICIPAL;APROVADO;;782
2260;2015;PLE;31;"CRIA CARGOS DE FARMACEUTICO DE PROVIMENTO EFETIVO NA ADMINISTRACAO CENTRALIZADA DO MUNICIPIO, QUE PASSAM A INTEGRAR A LETRA ''A'' E ALTERA O ITEM ''IDENTIFICACAO'' NO QUADRO DESCRITIVO, DO ANEXO I DA LEI N. 6.309, DE 28 DE DEZEMBRO DE 1988; E DA OUTRAS PROVIDENCIAS.";17/05/2016;ARQ - SETOR DE ARQUIVO;GOVERNO MUNICIPAL;APROVADO;;11988
2243;2015;PLE;30;ALTERA O INC. II DO ARTI. 1. DA LEI N. 11.694, DE 1. DE OUTUBRO DE 2014 E DA OUTRAS PROVIDENCIAS.;14/01/2016;ARQ - SETOR DE ARQUIVO;GOVERNO MUNICIPAL;APROVADO;;11947
2242;2015;PLE;29;"CRIA CARGOS EM COMISSAO (CC) E FUNCOES GRATIFICADAS (FG) A SEREM LOTADOS NA SECRETARIA MUNICIPAL DE EDUCACAO (SMED) E SECRETARIA MUNICIPAL DE GESTAO (SMGES), ALTERANDO O ANEXO I DA LEI N. 6.309, DE 28 DE DEZEMBRO DE 1988, QUE ESTABELECE O PLANO DE CARREIRA DOS FUNCIONARIOS DA ADMINISTRACAO CENTRALIZADA DO MUNICIPIO; DISPOE SOBRE O PLANO DE PAGAMENTO E DA OUTRAS PRIVEDENCIAS.";12/05/2016;ARQ - SETOR DE ARQUIVO;GOVERNO MUNICIPAL;APROVADO;;11964
2233;2015;PLL;243;CONCEDE AO JORNALISTA MILTON BATISTA CARDOSO O TITULO DE CIDADAO DE PORTO ALEGRE.;26/07/2016;ARQ - SETOR DE ARQUIVO;DR. THIAGO DUARTE                                 ;APROVADO;;12001
2162;2015;PLE;28;AUTORIZA A DESAFETACAO DO ANTIGO LEITO VIARIO DA RUA C, BEM COMO DAS AREAS ORIGINALMENTE DESTINADAS A PRACA E ESCOLA DO CONJUNTO RESIDENCIAL ALTO PETROPOLIS, ONDE SE ENCONTRA A VILA NOVA TIJUCA, E ANTIGO LEITO PROJETADO DA RUA LUCAS DE OLIVEIRA INSERIDO NA VILA SOSSEGO, PARA FINS DE REGULARIZACAO FUNDIARIA.;25/07/2016;ARQ - SETOR DE ARQUIVO;GOVERNO MUNICIPAL;APROVADO;;11995
2148;2015;PLL;214;"INCLUI ART. 29-A, PARAGRAFOS 3. E 4. NO ART. 39, ART. 39-A, PARAGRAFO 4. NO ART. 47, INCS. I E II NO CAPUT E PARAGRAFOS 1. A 5. NO ART. 50, PARAGRAFO 7. NO ART. 50-E, ART. 50-L, ART. 63-A E ANEXO II, ALTERA OS ARTS. 39, CAPUT E SEUS INCS. I E II E PARAGRAFO 1., 47, PARAGRAFO 1., 50, CAPUT, E 50-E, CAPUT, RENOMEIA COMO ANEXO I O ANEXO  - CONJUNTO DAS ESPECIFICACOES DOS CARGOS EFETIVOS, DOS CARGOS EM COMISSAO E DAS FUNCOES GRATIFICADAS - E REVOGA O PARAGRAFO UNICO DO ART. 64, TODOS NA LEI N. 5.811, DE 8 DE DEZEMBRO DE 1986, E  ALTERACOES POSTERIORES; ALTERA O PARAGRAFO 3. E INCLUI PARAGRAFOS 4. A 6. NO ART. 1. DA LEI N. 3.961, DE 16 DE DEZEMBRO  DE 1974; E ALTERA O PARAGRAFO 1. E INCLUI PARAGRAFOS 3. A 7. NO ART. 1. DA LEI N. 5.568, DE 2 DE MAIO DE 1985; EXCLUINDO A INCIDENCIA DE REGIMES ESPECIAIS DE TRABALHO, GRATIFICACOES ADICION";20/06/2016;ARQ - SETOR DE ARQUIVO;MESA DIRETORA;APROVADO;;11929
2104;2015;PLE;27;ALTERA O INC. I DO PARAGRAFO 2. DO ART. 11, O INC. I DO ART. 15, INSERE O PARAGRAFO 4. NO ART. 18, A SECAO VII E OS ART. 38-A A 38-F NO CAPITULO III, A SECAO VIII E O ART. 38-G, NO CAPITULO III E INCLUI A SECAO III E OS ART. 52-A AO 52-C NO CAPITULO V TUDO NA LEI N. 10.605, DE 29 DE DEZEMBRO DE 2008, QUE CONSOLIDA, NO MUNICIPIO DE PORTO ALEGRE, A LEGISLACAO QUE DISPOE SOBRE O COMERCIO AMBULANTE E A PRESTACAO DE SERVICOS AMBULANTES NAS VIAS E NOS LOGRADOUROS PUBLICOS, SOBRE A PUBLICIDADE NOS EQUIPAMENTOS DESSE COMERCIO E DESSA PRESTACAO DE SERVICOS, DISPONDO SOBRE O COMERCIO AMBULANTE EM VEICULOS NA MODALIDADE GASTRONOMIA ITINERANTE.;14/09/2016;DL - DIRETORIA LEGISLATIVA;GOVERNO MUNICIPAL;APROVADO;;12006
2099;2015;PLCE;19;INSTITUI O PROGRAMA DE RECUPERACAO FISCAL - REFISPOA 2015 E REVOGA A LEI N. 11.428, DE 30 DE ABRIL DE 2013.;12/05/2016;ARQ - SETOR DE ARQUIVO;GOVERNO MUNICIPAL;APROVADO;;773
2098;2015;PLE;26;AUTORIZA O PODER EXECUTIVO A CONSTITUIR PESSOA JURIDICA, SOB FORMA DE SOCIEDADE POR ACOES, NA MODALIDADE SOCIEDADE DE ECONOMIA MISTA, DENOMINADA EMPRESA DE GESTAO DE ATIVOS DO MUNICIPIO DE PORTO ALEGRE S/A - INVESTE POA, VINCULADA A SECRETARIA MUNICIPAL DA FAZENDA.;17/08/2016;ARQ - SETOR DE ARQUIVO;GOVERNO MUNICIPAL;APROVADO;;11991
2084;2015;PLE;25;INCLUI OS ARTS. 1.-A E 1.-B NA LEI N. 16, DE 29 DE NOVEMBRO DE 1947, QUE DA A DENOMINACAO DE JARDIM BOTANICO MUNICIPAL - ''PARQUE SANT-HILAIRE'' - AO HORTO FLORESTAL DO MUNICIPIO E REVOGA A LEI. N. 2.163, DE 20 DE DEZEMBRO DE 1960.;18/01/2016;ARQ - SETOR DE ARQUIVO;GOVERNO MUNICIPAL;APROVADO;;11950
2031;2015;PLL;199;CONCEDE O TITULO  DE CIDADAO DE PORTO ALEGRE AO SENHOR NELCIR REIMUNDO TESSARO.;12/04/2016;ARQ - SETOR DE ARQUIVO;TARCISO FLECHA NEGRA                              ;APROVADO;;11948
2013;2015;PLL;195;OBRIGA AS EMPRESAS QUE EFETUAREM A ENTREGA DOMICILIAR DE PRODUTOS COMERCIALIZADOS, INCLUSIVE POR MEIO DE TERCEIROS, OU QUE PRESTAREM SERVICOS A DOMICILIO A AGENDAR, COM SEUS CLIENTES, UM HORARIO CORRESPONDENTE AO INTERVALO DE 1H (UMA HORA) PARA A ENTREGA DO PRODUTO OU O INICIO DA PRESTACAO DO SERVICO.;14/09/2016;DL - DIRETORIA LEGISLATIVA;ALBERTO KOPITTKE;APROVADO;;12007
2004;2015;PR;39;CONCEDE A COMENDA PORTO DO SOL A COOPERATIVA DE ECONOMIA E CREDITO MUTUO DOS MEDICOS DE PORTO ALEGRE LTDA. - UNICRED.;21/12/2015;ARQ - SETOR DE ARQUIVO;DR. THIAGO DUARTE                                 ;APROVADO;;
1991;2015;PLL;191;INCLUI O EVENTO POA JAZZ FESTIVAL NO ANEXO II DA LEI N. 10.903, DE 31 DE MAIO DE 2010 - CALENDARIO DE EVENTOS DE PORTO ALEGRE E CALENDARIO MENSAL DE ATIVIDADES DE PORTO ALEGRE -, E ALTERACOES POSTERIORES, NO SEGUNDO FINAL DE SEMANA DO MES DE OUTUBRO.;21/01/2016;ARQ - SETOR DE ARQUIVO;REGINALDO PUJOL;APROVADO;;11956
1965;2015;PLL;185;DENOMINA AVENIDA DEPUTADO ADAO PRETTO O LOGRADOURO PUBLICO CADASTRADO CONHECIDO COMO BECO DA TAQUARA, LOCALIZADO NO BAIRRO LOMBA DO PINHEIRO.;14/09/2016;DL - DIRETORIA LEGISLATIVA;ENGENHEIRO COMASSETTO                             ;APROVADO;;11972
1959;2015;PLE;24;DISPOE SOBRE AS DIRETRIZES ORCAMENTARIAS PARA 2016.;29/10/2015;DL - DIRETORIA LEGISLATIVA;GOVERNO MUNICIPAL;APROVADO;;11939
1952;2015;PLL;182;INCLUI PARAGRAFO UNICO NO ART. 1. DA LEI N. 8.138, DE 20 DE MARCO DE 1998 - QUE PROIBE AS LUTAS DE VALE-TUDO, EM TODAS AS SUAS MODALIDADES, NO MUNICIPIO DE PORTO ALEGRE E DA OUTRAS PROVIDENCIAS -, ESTABELECENDO EXCECOES A ESSA PROIBICAO.;17/08/2016;ARQ - SETOR DE ARQUIVO;WALDIR CANAL                                      ;APROVADO;;12004
1940;2015;PR;37;CONCEDE O DIPLOMA HONRA AO MERITO A SENHORA NADIA RODRIGUES SILVEIRA GERHARD.;31/10/2016;RP - ASSESSORIA DE RELACOES PUBLICAS;MENDES RIBEIRO;APROVADO;;2391
1937;2015;PDL;7;AUTORIZA O PREFEITO MUNICIPAL DE PORTO ALEGRE, SENHOR JOSE FORTUNATI, A AUSENTAR-SE DO MUNICIPIO O DO PAIS, DO DIA 24 AO DIA 25 DE AGOSTO DE 2015, PARA VIAJAR A BUENOS AIRES - ARGENTINA.;21/01/2016;ARQ - SETOR DE ARQUIVO;COMISSAO DE CONSTITUICAO E JUSTICA;APROVADO;;
1922;2015;PDL;6;AUTORIZA O VICE-PREFEITO MUNICIPAL DE PORTO ALEGRE, SENHOR SEBASTIAO MELO, A AUSENTAR-SE DO MUNICIPIO O DO PAIS, DO DIA 22 AO DIA 27 DE AGOSTO DE 2015, PARA VIAJAR A CIDADE DO PANAMA - PANAMA - E A CIDADE DO MEXICO - MEXICO.;04/05/2016;DL - DIRETORIA LEGISLATIVA;COMISSAO DE CONSTITUICAO E JUSTICA;APROVADO;;409
1919;2015;PR;36;CONCEDE A COMENDA PORTO DO SOL AO LINDOIA TENIS CLUBE.;21/01/2016;ARQ - SETOR DE ARQUIVO;MAURO PINHEIRO;APROVADO;;2387
1886;2015;PLL;176;DENOMINA RUA DOUTOR OSMAR PILLA O LOGRADOURO PUBLICO CADASTRADO CONHECIDO COMO RUA CINCO MIL E QUINZE, LOCALIZADO NO BAIRRO HIPICA.;15/03/2016;ARQ - SETOR DE ARQUIVO;GUILHERME SOCIAS VILLELA;APROVADO;;11968
1876;2015;PLL;175;DENOMINA RUA MARCO TULIO KALIL FERREYRO O LOGRADOURO PUBLICO CADASTRADO CONHECIDO COMO RUA CINCO MIL E  DEZ, LOCALIZADO NO BAIRRO HIPICA.;28/03/2016;ARQ - SETOR DE ARQUIVO;JOAO CARLOS NEDEL;APROVADO;;11975
1874;2015;PLL;173;DENOMINA RUA MONSENHOR AUGUSTO DALVIT O LOGRADOURO PUBLICO CADASTRADO CONHECIDO COMO RUA CINCO MIL E DOZE, LOCALIZADO NO BAIRRO HIPICA.;28/03/2016;ARQ - SETOR DE ARQUIVO;JOAO CARLOS NEDEL;APROVADO;;11976
1868;2015;PLE;23;REGULAMENTA A LEI COMPLEMENTAR N. 701, DE 18 DE JULHO DE 2012, ALTERA O ANEXO I, DA LEI N. 6.309, DE 28 DE DEZEMBRO DE 1988, REVOGA AS LEIS N. 7.613, DE 15 DE MAIO DE 1995 E 10.791, DE 15 DE DEZEMBRO DE 2009, E DA OUTRAS PROVIDENCIAS.;25/07/2016;ARQ - SETOR DE ARQUIVO;GOVERNO MUNICIPAL;APROVADO;;11979
1852;2015;PLL;170;PERMITE A LIBERACAO DA CATRACA NA UTILIZACAO DOS SERVICOS DE TRANSPORTE COLETIVO POR ONIBUS AS CRIANCAS DE ATE 6 (SEIS) ANOS, SEM A PASSAGEM POR DEBAIXO DESSE DISPOSITIVO.;28/03/2016;ARQ - SETOR DE ARQUIVO;PROFESSOR ALEX FRAGA E FERNANDA MELCHIONNA;APROVADO;;12008
1844;2015;PLL;169;DECLARA DE UTILIDADE PUBLICA A ASSOCIACAO REGIONAL DE ESCLEROSE LATERAL AMIOTROFICA DO RGS - ARELA-RS.;05/04/2016;ARQ - SETOR DE ARQUIVO;MARCIO BINS ELY;APROVADO;;11984
1794;2015;PLL;165;INCLUI O EVENTO SETENARIO E FESTA DE NOSSA SENHORA DAS DORES NO ANEXO II DA LEI N. 10.903, DE 31 DE MAIO DE 2010 - CALENDARIO DE EVENTOS DE PORTO ALEGRE E CALENDARIO MENSAL DE ATIVIDADES DE PORTO ALEGRE -, E ALTERACOES POSTERIORES, NA SEMANA QUE INCLUA O DIA 15 DE SETEMBRO.;21/01/2016;ARQ - SETOR DE ARQUIVO;TARCISO FLECHA NEGRA                              ;APROVADO;;11953
1783;2015;PLCE;18;ALTERA O PARAGRAFO UNICO DO ARTIGO 17 DA LEI COMPLEMENTAR N. 755, DE 30 DE DEZEMBRO DE 2014, QUE ALTERA A LEI COMPLEMENTAR N. 7, DE 7 DE DEZEMBRO DE 1973 - QUE INSTITUI E DISCIPLINA OS TRIBUTOS DE COMPETENCIA DO MUNICIPIO -, E ALTERACOES POSTERIORES, DISPONDO SOBRE A ATUALIZACAO DOS ALVARAS DE LOCALIZACAO E FUNCIONAMENTO.;26/07/2016;ARQ - SETOR DE ARQUIVO;GOVERNO MUNICIPAL;APROVADO;;784
1778;2015;PR;33;CONCEDE O DIPLOMA HONRA AO MERITO A SOCIEDADE RECREATIVA BENEFICENTE TRIBO CARNAVALESCA OS COMANCHES.;14/01/2016;ARQ - SETOR DE ARQUIVO;MAURO PINHEIRO;APROVADO;;2393
1769;2015;PR;32;CONCEDE A COMENDA PORTO DO SOL A IGREJA BATISTA NOVA VIDA.;25/07/2016;ARQ - SETOR DE ARQUIVO;WALDIR CANAL                                      ;APROVADO;;2383
1671;2015;PR;30;CONCEDE A COMENDA PORTO DO SOL AO JORNALISTA E ESCRITOR RENATO NUNES DORNELES.;21/01/2016;ARQ - SETOR DE ARQUIVO;JOAO BOSCO VAZ;APROVADO;;2388
1670;2015;PLL;153;DENOMINA RUA DOUTOR ANISIO GOMES DE SOUZA MAIA O LOGRADOURO REGISTRADO E CADASTRADO CONHECIDO COMO RUA 3009 - LOTEAMENTO VERDES CAMPOS -, LOCALIZADO NO BAIRRO MARIO QUINTANA.;05/04/2016;ARQ - SETOR DE ARQUIVO;MARCIO BINS ELY;APROVADO;;11977
1663;2015;PLE;21;CRIA CARGOS DE TECNICO DE ENFERMAGEM E EXTINGUE CARGOS DE AUXILIAR DE ENFERMAGEM DE PROVIMENTO EFETIVO NA ADMINISTRACAO CENTRAL CONSTANTES DA LEI 6309, DE 28 DE DEZEMBRO DE 1988, E ALTERACOES POSTERIORES, E DA OUTRAS PROVIDENCIAS.;19/01/2016;ARQ - SETOR DE ARQUIVO;GOVERNO MUNICIPAL;APROVADO;;11937
1629;2015;PR;29;CONCEDE O DIPLOMA HONRA AO MERITO AO MAJOR LEANDRO OLIVEIRA DA LUZ.;19/01/2016;ARQ - SETOR DE ARQUIVO;RODRIGO MARONI;APROVADO;;2385
1605;2015;PDL;5;AUTORIZA O PREFEITO MUNICIPAL DE PORTO ALEGRE, SENHOR JOSE FORTUNATI, A AUSENTAR-SE DO MUNICIPIO E DO PAIS, DO DIA 15 AO DIA 24 DE JULHO DE 2015, PARA VIAJAR A ROMA, NA ITALIA.;19/01/2016;ARQ - SETOR DE ARQUIVO;COMISSAO DE CONSTITUICAO E JUSTICA;APROVADO;;
1560;2015;PLE;19;AUTORIZA O INGRESSO DO MUNICIPIO DE PORTO ALEGRE NO CONSORCIO DE INFORMATICA NA GESTAO PUBLICA MUNICIPAL (CIGA), PARA UTILIZACAO DO SISTEMA DE GESTAO DO SIMPLES NACIONAL (GSN).;19/01/2016;ARQ - SETOR DE ARQUIVO;GOVERNO MUNICIPAL;APROVADO;;11928
1541;2015;PLE;17;"FICAM ALTERADOS OS ARTS. 27, 28, 32, 34, 39 E INCLUIDOS OS ARTS. 32-A, 32-B, 39-A E O ANEXO VI NA LEI N. 6.151, DE 13 DE JULHO DE 1988; ALTERADOS OS ARTS. 36, 44, 48, 49, 50, 51, 61, 62, E O ANEXO VI, E INCLUIDOS OS ARTS. 44-A E 44-B E O ANEXO VII NA LEI N. 6.203, DE 3 DE OUTUBRO DE 1988; ALTERADOS OS ARTS. 43, 46, 47, 49, 51, 52, 54, 62, 64 E ANEXO V, INCLUIDOS OS ARTS. 43-A, 43-B E O ANEXO VI, E REVOGADO O ART. 48 NA LEI N. 6.253, DE 11 DE NOVEMBRO DE 1988; ALTERADOS OS ARTS. 34, 43, 43-A, 50, 51, 53, 56, 57, 59, 68, 69, 70 E ANEXO IV, INSERIDOS OS ARTS. 43-B, 43-C, E O ANEXO VII, E REVOGADO O ART. 52 NA LEI N. 6.309, DE 28 DE DEZEMBRO DE 1988; ALTERADOS OS ARTS. 36, 37, 45, 49, 50, 52, 53, 54, 56, 64, E 65 E ANEXO IV INSERIDOS OS ARTS. 45-A E 45-B E O ANEXO VI, E REVOGADO O ART. 51 NA LEI N. 6.310, DE 28 DE DEZEMBRO DE 1988,";21/09/2016;ARQ - SETOR DE ARQUIVO;GOVERNO MUNICIPAL;APROVADO;;11922
1540;2015;PLCE;14;ALTERA O ART. 109, O CAPUT DO ART. 125, O CAPUT E PARAGRAFOS 2. E 3. DO ART. 129, E AOS ARTS. 130 E 131, INCLUI OS PARAGRAFOS 3. E 7. AO ART. 129 E O ART. 127-A, TUDO DA LEI COMPLEMENTAR N. 133, DE 31 DE DEZEMBRO DE 1985, - QUE ESTABELECE O ESTATUTO DOS FUNCIONARIOS PUBLICOS MUNICIPAIS DO MUNICIPIO DE PORTO ALEGRE -, EXCLUINDO A INCIDENCIA DE AVANCOS, REGIMES DE TRABALHO E FUNCOES GRATIFICADAS SOBRE A REMUNERACAO DOS SERVIDORES.;21/01/2016;ARQ - SETOR DE ARQUIVO;GOVERNO MUNICIPAL;APROVADO;;768
1533;2015;PLL;142;CONCEDE O TITULO DE CIDADAO EMERITO DE PORTO ALEGRE AO SENHOR JOAO OLIVEIRA DE SOUZA.;29/06/2016;ARQ - SETOR DE ARQUIVO;ELIZANDRO SABINO;APROVADO;;11967
1496;2015;PR;27;CONCEDE O TROFEU CAMARA MUNICIPAL DE PORTO ALEGRE A CRUZ VERMELHA BRASILEIRA FILIAL DO ESTADO DO RIO GRANDE DO SUL.;19/05/2016;ARQ - SETOR DE ARQUIVO;AIRTO FERRONATO;APROVADO;;2392
1492;2015;PLL;140;CONCEDE O TITULO DE CIDADAO DE PORTO ALEGRE AO SENHOR ROMILDO BOLZAN JUNIOR.;25/07/2016;ARQ - SETOR DE ARQUIVO;DINHO DO GREMIO;APROVADO;;11966
1484;2015;PLL;138;DENOMINA RUA MADRE ASSUNTA O LOGRADOURO PUBLICO CADASTRADO CONHECIDO COMO RUA 8829 - LOTEAMENTO RESIDENCIAL PARQUE DO RINCAO -, LOCALIZADO NO BAIRRO RESTINGA.;15/03/2016;ARQ - SETOR DE ARQUIVO;JOAO CARLOS NEDEL;APROVADO;;11969
1463;2015;PLE;16;REAJUSTA O VALOR DO VALE-ALIMENTACAO DE QUE TRATA A LEI N. 7532, DE 25 DE OUTUBRO DE 1994, E ALTERACOES POSTERIORES, E DA OUTRAS PROVIDENCIAS.;19/01/2016;ARQ - SETOR DE ARQUIVO;GOVERNO MUNICIPAL;APROVADO;;11881
1418;2015;PR;26;CONCEDE A COMENDA PORTO DO SOL AO SINDICATO DOS FARMACEUTICOS NO ESTADO DO RIO GRANDE DO SUL - SINDIFARS.;30/11/2015;ARQ - SETOR DE ARQUIVO;JUSSARA CONY;APROVADO;;2381
1411;2015;PLCE;13;ALTERA A REDACAO DO PARAGRAFO UNICO DO ART. 12, DA LEI COMPLEMENTAR N. 703, DE 28 DE SETEMBRO DE 2012, - QUE ESTABELECE AS DIRETRIZES PARA A IMPLEMENTACAO DA INFRAESTRUTURA NECESSARIA A REALIZACAO DA COPA DO MUNDO DE 2014, IMPLANTACAO DO SISTEMA BUS RAPID TRANSIT (BRT) E DO METRO DE PORTO ALEGRE -, MODIFICANDO O LIMITADOR DO CALCULO DE EQUIVALENCIA DOS INDICES DA COPA DE 2014, E DA OUTRAS PROVIDENCIAS.;19/01/2016;ARQ - SETOR DE ARQUIVO;GOVERNO MUNICIPAL;APROVADO;;766
1395;2015;PLE;14;INSTITUI O PLANO MUNICIPAL DE EDUCACAO (PME) E DA OUTRAS PROVIDENCIAS.;23/08/2016;DL - DIRETORIA LEGISLATIVA;GOVERNO MUNICIPAL;APROVADO;;11858
1372;2015;PLL;126;DENOMINA RUA JOSE OSMAR MACHADO O LOGRADOURO NAO CADASTRADO CONHECIDO COMO TRAVESSA QUATRO - CAMPO DA TUCA -, LOCALIZADO NO BAIRRO VILA JOAO PESSOA.;19/01/2016;ARQ - SETOR DE ARQUIVO;JOAO CARLOS NEDEL;APROVADO;;11958
1361;2015;PR;25;CONCEDE O DIPLOMA HONRA AO MERITO A EMPRESA DELTA RED MARKETING, ASSOCIACAO INTERATIVA E TREINAMENTO LTDA. - DINASTIA SOLUCOES FINANCEIRAS.;18/01/2016;ARQ - SETOR DE ARQUIVO;DINHO DO GREMIO;APROVADO;;2386
1326;2015;PLE;13;EXTINGUE E CRIA FUNCOES GRATIFICADAS, NO DEPARTAMENTO MUNICIPAL DE LIMPEZA URBANA (DMLU), NO AMBITO DA  ADMINISTRACAO INDIRETA DO MUNICIPIO DE PORTO ALEGRE, QUE PASSAM A INTEGRAR A LETRA C DO ANEXO II DA LEI N. 6.253, DE 11 DE NOVEMBRO DE 1988 E ALTERACOES POSTERIORES, QUE ESTABELECE O PLANO DE CARREIRA DOS FUNCIONARIOS DO DEPARTAMENTO MUNICIPAL DE LIMPEZA URBANA (DMLU), DISPOE SOBRE O PLANO E DA OUTRAS PROVIDENCIAS.;21/09/2016;ARQ - SETOR DE ARQUIVO;GOVERNO MUNICIPAL;APROVADO;;12000
1321;2015;PLL;122;DENOMINA PRACA HARRYSSON CURTYS TESTA O LOGRADOURO PUBLICO CADASTRADO CONHECIDO COMO PRACA 2088 - LOTEAMENTO PARQUE EMPRESARIAL CONDOR.;21/01/2016;ARQ - SETOR DE ARQUIVO;IDENIR CECCHIM;APROVADO;;11959
1302;2015;PR;24;INCLUI INC. VI, COM ALS. A E B, NO PARAGRAFO 5. DO ART. 1. E AL. P NO INC. IX E INC. XII, COM ALS. A A U, NO ART. 13, ALTERA AS ALS. D DO INC. IV E D, H, J, K, L, M, N E O DO INC. IX DO ART. 13 E REVOGA O INC. II DO PARAGRAFO 1. E OS ITS. 1 DO INC. IV E 1 DO INC. V DO PARAGRAFO 5. DO ART. 1. E O PARAGRAFO 2. DO ART. 10, TODOS DA RESOLUCAO N. 1.367, DE 2 DE JANEIRO DE 1998 - QUE REORGANIZA OS SERVICOS ADMINISTRATIVOS DA CAMARA MUNICIPAL DE PORTO ALEGRE E DA OUTRAS PROVIDENCIAS -, E ALTERACOES POSTERIORES, CRIANDO A SECAO DE LICITACOES, TRANSFERINDO-LHE O SETOR DE CONTRATOS E O SETOR DE COMPRAS E EXTINGUINDO A COMISSAO ESPECIAL DE LICITACAO.;04/07/2016;ARQ - SETOR DE ARQUIVO;MESA DIRETORA;APROVADO;;2375
1301;2015;PLL;118;CRIA 1 (UMA) FUNCAO GRATIFICADA DE CHEFE DA SECAO DE LICITACOES, CODIGO 2.2.1.5, NO ITEM FUNCAO GERAL, DO QUADRO DOS CARGOS EM COMISSAO E FUNCOES GRATIFICADAS, CONSTANTE DO ART. 20 DA LEI N. 5.811, DE 8 DE DEZEMBRO DE 1986 - QUE ESTABELECE O SISTEMA DE CLASSIFICACAO DE CARGOS E FUNCOES DA CAMARA MUNICIPAL DE PORTO ALEGRE E DA OUTRAS PROVIDENCIAS -, E ALTERACOES POSTERIORES, E ALTERA O ART. 50-I DESSA LEI, ESTENDENDO A GRATIFICACAO ESPECIAL PELO EXERCICIO DE ATIVIDADES DE PREPARO E EXECUCAO DE PAGAMENTOS DIVERSOS AOS SERVIDORES EFETIVOS LOTADOS NA SECAO DE LICITACOES.;26/08/2016;ARQ - SETOR DE ARQUIVO;MESA DIRETORA;APROVADO;;11868
1279;2015;PLL;115;CONCEDE O TITULO DE CIDADAO EMERITO DE PORTO ALEGRE AO ADVOGADO LUIZ EDUARDO AMARO PELLIZZER.;29/06/2016;ARQ - SETOR DE ARQUIVO;REGINALDO PUJOL;APROVADO;;11944
1268;2015;PR;23;CONCEDE A COMENDA PORTO DO SOL A RADIO E TV PORTOVISAO LTDA. - TV BANDEIRANTES RADIO BANDEIRANTES AM RADIO IPANEMA FM.;04/04/2016;ARQ - SETOR DE ARQUIVO;MONICA LEAL;APROVADO;;2390
1259;2015;PLL;112;ALTERA A EMENTA, O CAPUT DO ART. 1. E O CAPUT DO ART. 3. E SEUS INCS. I E II, INCLUI INCS, I, II E III NO CAPUT E PARAGRAFOS 3. E 4. NO ART. 1. E INC. III NO CAPUT DO ART. 3. E REVOGA OS PARAGRAFOS 1. E 2. DO ART. 1., TODOS NA LEI N. 9.989, DE 5 DE JUNHO DE 2006, ALTERADA PELA LEI 11.211, DE 30 DE JANEIRO DE 2012, ESTENDENDO O DIREITO AO PAGAMENTO DE MEIA-ENTRADA DO VALOR EFETIVAMENTE COBRADO PARA O INGRESSO EM ATIVIDADES CULTURAIS E ESPORTIVAS AOS JOVENS ENTRE 16 (DEZESSEIS) E 29 (VINTE E NOVE) ANOS PERTENCENTES A FAMILIAS DE BAIXA RENDA E EXCLUINDO EXCECOES AO DIREITO AO BENEFICIO DE MEIA-ENTRADA.;19/01/2016;ARQ - SETOR DE ARQUIVO;CASSIO TROGILDO;APROVADO;;11927
1250;2015;PR;22;CONCEDE A COMENDA PORTO DO SOL AO ROTARY CLUB DE PORTO ALEGRE LINDOIA - PASSO D'AREIA.;09/06/2016;ARQ - SETOR DE ARQUIVO;IDENIR CECCHIM;APROVADO;;2377
1226;2015;PLL;109;OBRIGA OS MERCADOS, OS SUPERMERCADOS, OS HIPERMERCADOS E OS ESTABELECIMENTOS CONGENERES CUJA AREA SEJA SUPERIOR A 500 M2 (QUINHENTOS METROS QUADRADOS) OU QUE POSSUAM MAIS DE 3 (TRES) CAIXAS REGISTRADORAS A ACOMODAR, EM ESPACO UNICO E DE DESTAQUE - GONDOLA OU PRATELEIRA -, OS PRODUTOS ALIMENTICIOS ELABORADOS SEM A ADICAO DE GLUTEN OU LACTOSE E DA OUTRAS PROVIDENCIAS.;17/08/2016;ARQ - SETOR DE ARQUIVO;CARLOS CASARTELLI;APROVADO;;11965
1222;2015;PLL;107;DENOMINA RUA HORACILDO ALBUQUERQUE DO CANTO O LOGRADOURO NAO CADASTRADO CONHECIDO COMO BECO UM - ESTRADA OTAVIANO JOSE PINTO - , LOCALIZADO NO BAIRRO LAMI.;19/01/2016;ARQ - SETOR DE ARQUIVO;LOURDES SPRENGER;APROVADO;;11960
1205;2015;PLL;103;CONCEDE O TITULO DE CIDADA DE PORTO ALEGRE A DOUTORA IVONE DA FONSECA GARCIA.;06/04/2016;ARQ - SETOR DE ARQUIVO;IDENIR CECCHIM;APROVADO;;11894
1202;2015;PDL;3;AUTORIZA O PREFEITO MUNICIPAL DE PORTO ALEGRE, SENHOR JOSE FORTUNATI, A AUSENTAR-SE DO PAIS, DO DIA 24 AO DIA 28 DE MAIO DE 2015, PARA VIAJAR A PARIS, NA FRANCA.;21/01/2016;ARQ - SETOR DE ARQUIVO;COMISSAO DE CONSTITUICAO E JUSTICA;APROVADO;;
1145;2015;PDL;2;AUTORIZA O PREFEITO MUNICIPAL DE PORTO ALEGRE, SENHOR JOSE FORTUNATI, A AUSENTAR-SE DO PAIS, DO DIA 19 AO DIA 21 DE MAIO DE 2015, PARA VIAJAR A BUENOS AIRES, NA ARGENTINA.;18/01/2016;ARQ - SETOR DE ARQUIVO;COMISSAO DE CONSTITUICAO E JUSTICA;APROVADO;;
1138;2015;PLE;11;ALTERA A EMENTA, O CAPUT DO ART. 1., OS PARAGRAFOS 1. E 2. E CAPUT DO ART. 2. DA LEI N. 11.693, DE 1. DE OUTUBRO DE 2014, QUE AUTORIZOU O EXECUTIVO MUNICIPAL A CONTRATAR OPERACAO DE CREDITO NO PROGRAMA DO PMAT - BNDES, E DA OUTRAS PROVIDENCIAS.;19/01/2016;ARQ - SETOR DE ARQUIVO;GOVERNO MUNICIPAL;APROVADO;;11882
1106;2015;PLE;10;AUTORIZA O PODER EXECUTIVO A CONTRATAR OPERACAO DE CREDITO EXTERNO NO VALOR DE ATE U$ 80.800.000,00 (OITENTA MILHOES E OITOCENTOS MIL DOLARES) COM O BANCO INTERAMERICANO DE DESENVOLVIMENTO (BID).;21/01/2016;ARQ - SETOR DE ARQUIVO;GOVERNO MUNICIPAL;APROVADO;;11864
1101;2015;PLL;95;INCLUI A EFEMERIDE DIA DO ROCK NO ANEXO DA LEI N. 10.904, DE 31 DE MAIO DE 2010 - CALENDARIO DE DATAS COMEMORATIVAS E DE CONSCIENTIZACAO DO MUNICIPIO DE PORTO ALEGRE -, E ALTERACOES POSTERIORES, NO DIA 13 DE JULHO.;19/01/2016;ARQ - SETOR DE ARQUIVO;PROFESSOR GARCIA;APROVADO;;11895
1100;2015;PLL;94;CONCEDE O TITULO DE CIDADAO EMERITO DE PORTO ALEGRE AO SENHOR PETERSON UNGARETTI.;21/01/2016;ARQ - SETOR DE ARQUIVO;PAULO BRUM;APROVADO;;11880
1091;2015;PLL;93;CONCEDE O TITULO DE CIDADAO EMERITO DE PORTO ALEGRE AO SENHOR GUACIR DE LLANO BUENO.;11/12/2015;ARQ - SETOR DE ARQUIVO;JOAO BOSCO VAZ;APROVADO;;11931
1072;2015;PLL;91;DENOMINA RUA 17 DE DEZEMBRO O LOGRADOURO NAO CADASTRADO CONHECIDO COMO RUA MIL E SESSENTA E OITO, LOCALIZADO NO BAIRRO PRAIA DE BELAS.;21/01/2016;ARQ - SETOR DE ARQUIVO;MARCIO BINS ELY;APROVADO;;11961
1040;2015;PR;19;ALTERA O CAPUT E SEUS INCS. I E II NO ART. 4. E O ART. 5. E REVOGA O INC. III DO CAPUT E O PARAGRAFO 3. DO ART. 4. E O ART. 7. DA RESOLUCAO N. 1.559, DE 22 DE AGOSTO DE 2001, E ALTERACOES POSTERIORES, EXTINGUINDO OS POSTOS PARA ESTAGIO EXTRACURRICULAR LOTADOS NOS GABINETES PARLAMENTARES DA CAMARA MUNICIPAL DE PORTO ALEGRE (CMPA).;05/04/2016;ARQ - SETOR DE ARQUIVO;MESA DIRETORA;APROVADO;;2367
1039;2015;PLE;9;AUTORIZA A ABERTURA DE CREDITOS ESPECIAIS NO EXECUTIVO MUNICIPAL, NO VALOR DE R$ 3.947.000,00 (TRES MILHOES E NOVECENTOS E QUARENTA E SETE MIL REAIS), E DA OUTRAS PROVIDENCIAS.;21/01/2016;ARQ - SETOR DE ARQUIVO;GOVERNO MUNICIPAL;APROVADO;;11883
1024;2015;PLL;85;CONCEDE O TITULO DE CIDADAO EMERITO DE PORTO ALEGRE , IN MEMORIAM, AO SENHOR JOEL FAGUNDES.;21/01/2016;ARQ - SETOR DE ARQUIVO;TARCISO FLECHA NEGRA                              ;APROVADO;;11908
1015;2015;PLL;84;DENOMINA RUA CELSO DIAS DIHL O LOGRADOURO PUBLICO CADASTRADO CONHECIDO COMO RUA 8830 - LOTEAMENTO RESIDENCIAL PARQUE DO RINCAO -, LOCALIZADO NO BAIRRO RESTINGA, NO TRECHO QUE INICIA NO LIMITE SUDOESTE DO LOTEAMENTO PARQUE DO RINCAO E TERMINA 20M (VINTE METROS) APOS A RUA DIRETRIZ 7124.;21/01/2016;ARQ - SETOR DE ARQUIVO;JOAO CARLOS NEDEL;APROVADO;;11920
980;2015;PR;16;CONCEDE O DIPLOMA HONRA AO MERITO A ASSOCIACAO DOS DELEGADOS DE POLICIA DO RGS - ASDEP.;17/12/2015;ARQ - SETOR DE ARQUIVO;DELEGADO CLEITON;APROVADO;;
975;2015;PLL;81;INSTITUI O PROGRAMA LICITACAO SUSTENTAVEL.;12/05/2016;ARQ - SETOR DE ARQUIVO;AIRTO FERRONATO;APROVADO;;11993
943;2015;PLE;7;"ALTERA A REDACAO DO ART. 14 DA LEI N. 11.400, DE 27 DE DEZEMBRO DE 2012, QUE ALTERA A EMENTA, OS ARTS. 1, 2., CAPUT E INCS. II E III, 3., 5., 8. 9., CAPUT E INCS. II, III E IV, 10 E 14, INCLUI INCS. IV A VII NO ART. 2. E REVOGA O PARAGRAFO UNICO DO ART. 2. E O INC. I DO ART. 9., TODOS DA LEI N. 9.693, DE 29 DE DEZEMBRO DE 2004, E ALTERACOES POSTERIORES, ALTERANDO A DENOMINACAO DA SECRETARIA MUNICIPAL DE GESTAO E ACOMPANHAMENTO ESTRATEGICOS (SMGAE) PARA SECRETARIA MUNICIPAL DE GESTAO (SMGES) E DA SECRETARIA MUNICIPAL DE COORDENACAO POLITICA E GOVERNANCA LOCAL (SMCPGL) PARA SECRETARIA MUNICIPAL DE GOVERNANCA LOCAL (SMGL) E ESTABELECENDO-LHES FINALIDADES BASICAS; ALTERA O ANEXO I E INCLUI ANEXO III-B NA LEI N. 6.309, DE 28 DE DEZEMBRO DE 1988, E ALTERACOES POSTERIORES, EXCLUINDO E CRIANDO CARGOS EM COMISSAO E FUNCOES GRATIFICADAS; E.";12/05/2016;ARQ - SETOR DE ARQUIVO;GOVERNO MUNICIPAL;APROVADO;VETO PARCIAL MANTIDO;11890
884;2015;PLCE;9;ALTERA O PARAGRAFO 3. DO ART. 1., O CAPUT DO ART. 7., O PARAGRAFO 3. DO ART. 8., O CAPUT DO ART. 9., O CAPUT DO ART. 14 E O CAPUT DO ART. 15., INCLUI OS INCS. I A III NO CAPUT E O PARAGRAFO UNICO E OS INCS. I A III TODOS NO ART. 14., REVOGA O INC. II DO ART. 8. E O PARAGRFO 1. DO ART. 9., DA LEI COMPLEMENTAR N. 687, DE 1. DE FEVEREIRO DE 2012, INSTITUI OBRIGACOES ACESSORIAS RELATIVAS A NOTA FISCAL DE SERVICOS ELETRONICA (NFSE) E CRIA PENALIDADES PELO SEU DESCUMPRIMENTO.;18/01/2016;ARQ - SETOR DE ARQUIVO;GOVERNO MUNICIPAL;APROVADO;;774
877;2015;PR;14;CONCEDE O DIPLOMA HONRA AO  MERITO A RADIO ESPERANCA LTDA. - ME.;21/01/2016;ARQ - SETOR DE ARQUIVO;WALDIR CANAL                                      ;APROVADO;;2379
856;2015;PLL;76;DENOMINA RUA FRANCISCO MUNHOZ DIAS, RUA JUREMA JANETE SANTIAGO, RUA ELCI FERNANDES, RUA ISABEL VACARI, RUA BRASILIA LUZ DE SOUZA, RUA SUELI MARIA DOS SANTOS, RUA ERNESTOR MORAES, RUA LEOPOLDINA DE OLIVEIRA, RUA SANTA ROSARIO GONCALVES, RUA EVA TEREZINHA DOS SANTOS E RUA ROSANGELA BRUFATTO LUZ OS LOGRADOUROS NAO CADASTRADOS CONHECIDOS, RESPECTIVAMENTE, COMO RUA TRES MIL, CENTO E QUARENTA E NOVE, RUA TRES MIL, CENTO E CINQUENTA, RUA TRES MIL, CENTO E CINQUENTA E UM, RUA TRES MIL, CENTO E CINQUENTA E DOIS, RUA TRES MIL CENTO E CINQUENTA E TRES, RUA TRES MIL, CENTO E CINQUENTA E QUATRO, RUA TRES MIL, CENTO E CINQUENTA E CINCO, RUA TRES MIL, CENTO E CINQUENTA E SETE, RUA TRES MIL, CENTO E CINQUENTA E OITO, RUA TRES MIL, CENTO E CINQUENTA E NOVE E RUA TRES MIL, CENTO E SESSENTA.;01/04/2016;VER. WALDIR CANAL                                 ;JOAO CARLOS NEDEL;APROVADO;;11934
854;2015;PLL;75;INCLUI A EFEMERIDE DIA DO MESTRE-SALA, DA PORTA-BANDEIRA E DO PORTA-ESTANDARTE NO ANEXO DA LEI N. 10.904, DE 31 DE MAIO DE 2010 - CALENDARIO DE DATAS COMEMORATIVAS E DE CONSCIENTIZACAO DO MUNICIPIO DE PORTO ALEGRE -, E ALTERACOES POSTERIORES, NO DIA 6 DE NOVEMBRO.;05/04/2016;ARQ - SETOR DE ARQUIVO;DELEGADO CLEITON;APROVADO;;11906
816;2015;PLL;72;DENOMINA RUA GLACI MARIA COSTI O LOGRADOURO PUBLICO CADASTRADO CONHECIDO COMO RUA 906 - LOTEAMENTO PARQUE DONA ALZIRA - , LOCALIZADO NO BAIRRO SARANDI.;21/01/2016;ARQ - SETOR DE ARQUIVO;JOAO CARLOS NEDEL;APROVADO;;11905
805;2015;PLL;69;DENOMINA RUA CORONEL DASTRO DUTRA, RUA CLOVIS STENZEL, RUA ADALIBIO KLEIN , RUA FERNANDO VERONEZI, RUA OLIMPIO TABAJARA, RUA SOLON VIEIRA MARQUES E RUA SIMEAO MEIRA LOGRADOUROS PUBLICOS CADASTRADOS CONHECIDOS, RESPECTIVAMENTE, COMO RUA 7124 - LOTEAMENTO RESIDENCIAL PARQUE DO RINCAO -, RUA 8826 - LOTEAMENTO RESIDENCIAL PARQUE DO RINCAO -, RUA RUA 8831 - LOTEAMENTO RESIDENCIAL PARQUE DO RINCAO -, RUA 8832 - LOTEAMENTO RESIDENCIAL PARQUE DO RINCAO -, RUA 8836 - LOTEAMENTO RESIDENCIAL PARQUE DO RINCAO -, RUA 8835 - LOTEAMENTO RESIDENCIAL PARQUE DO RINCAO -, E RUA 8834 - LOTEAMENTO RESIDENCIAL PARQUE DO RINCAO -, LOCALIZADOS NO BAIRRO RESTINGA.;15/09/2016;DL - DIRETORIA LEGISLATIVA;JOAO CARLOS NEDEL;APROVADO;;11940
795;2015;PLL;68;DENOMINA RUA ODILA BUGANCA O LOGRADOURO NAO CADASTRADO CONHECIDO COMO RUA R - VILA DO SARGENTO -, LOCALIZADO NO BAIRRO SERRARIA.;17/08/2016;ARQ - SETOR DE ARQUIVO;PROFESSOR GARCIA;APROVADO;;11970
780;2015;PLCE;8;ALTERA O ART. 18 DA LEI COMPLEMENTAR N. 755, DE 30 DE DEZEMBRO DE 2014, QUE ALTERA A LEI COMPLEMENTAR N. 7 DE 7 DE DEZEMBRO DE 1973 - QUE INSTITUI E DISCIPLINA OS TRIBUTOS DE COMPETENCIA DO MUNICIPIO -, E ALTERACOES POSTERIORES, DISPONDO SOBRE AS TAXAS DE FISCALIZACAO DE LOCALIZACAO E FUNCIONAMENTO, DE SERVICOS AMBIENTAIS DIVERSOS, DE CONTROLE E FISCALIZACAO AMBIENTAL E DE LICENCIAMENTO AMBIENTAL, E DA OUTRAS PROVIDENCIAS, AMPLIANDO A VACATIO LEGIS DA LEI COMPLEMENTAR.;04/05/2016;DL - DIRETORIA LEGISLATIVA;GOVERNO MUNICIPAL;APROVADO;;760
778;2015;PLE;6;ALTERA O ART. 3. DA LEI N. 11.752, DE 30 DE DEZEMBRO DE 2014, QUE ALTERA A EMENTA, INCLUI ART. 10-A E REVOGA OS ARTS. 14, 15, 16, 17 E 18 E OS ANEXOS I E II NA LEI N. 8.267, DE 29 DE DEZEMBRO DE 1998, E ALTERACOES POSTERIORES, INCLUINDO EXIGENCIAS AO LICENCIAMENTO AMBIENTAL NO MUNICIPIO DE PORTO ALEGRE E EXCLUINDO A TAXA DE LICENCIAMENTO AMBIENTAL (TLA), AMPLIANDO A CAVATIO LEGIS DA LEI COMPLEMENTAR.;04/05/2016;DL - DIRETORIA LEGISLATIVA;GOVERNO MUNICIPAL;APROVADO;;11813
760;2015;PLCE;5;"ALTERA OS LIMITES DA MACROZONA (MZ) 08, ENTRE AS UNIDADES DE ESTRUTURACAO URBANA (UEU) 078 E UEU 080; DAS SUBUNIDADES 01 E 09 DA UEU 078 DA MACROZONA (MZ) 08 E DAS SUBUNIDADES 01 E 02 DA UEU 080 DA MACROZONA (MZ) 08; CRIA AS SUBUNIDADES 11, 12, 13, 14, 15 E 16 DA UEU 078 DA MACROZONA (MZ) 08 E CRIA AS SBUNIDADES 05, 06, 07, 08, 09, 10, 11 E 12 DA UEU 080 DA MACROZONA (MZ) 08, CONSTANTES DO ANEXO 1.1 DA LEI COMPLEMENTAR N. 434, DE 1. DE DEZEMBRO DE 1999 - PLANO DIRETOR DE DESENVOLVIMENTO URBANO E AMBIENTAL (PDDUA), ALTERADA PELA LEI COMPLEMENTAR N. 646, DE 22 DE JULHO DE 2010, DEFINE OS RESPECTIVOS REGIMES URBANISTICOS PARA AS NOVAS SUBUNIDADES E DA OUTRAS PROVIDENCIAS.";19/10/2016;SPA - AGUARDANDO NA SECAO DE PROTOC E ARQUIVO;GOVERNO MUNICIPAL;APROVADO;;780
748;2015;PLL;66;DENOMINA RUA ROMULO DA SILVA PINHEIRO O LOGRADOURO PUBLICO CADASTRADO CONHECIDO COMO RUA 10007, LOCALIZADO NO BAIRRO LOMBA DO PINHEIRO.;05/04/2016;ARQ - SETOR DE ARQUIVO;ENGENHEIRO COMASSETTO                             ;APROVADO;;11923
742;2015;PLL;65;ALTERA A AL. A DO CAPUT DO ART. 1 DA LEI N. 3.033, DE 30 DE JUNHO DE 1967 - QUE FIXA OS FERIADOS MUNICIPAIS -, E ALTERACOES POSTERIORES, DECLARANDO FERIADO MUNICIPAL O DIA 20 DE NOVEMBRO E CONSAGRANDO - O DIA DA CONSCIENCIA NEGRA E DA DIFUSAO DA RELIOGIOSIDADE.;17/05/2016;ARQ - SETOR DE ARQUIVO;DELEGADO CLEITON;APROVADO;;11971
740;2015;PLL;64;DENOMINA PRACA MIGUEL PEREIRA DA SILVA O LOGRADOURO PUBLICO CADASTRADO CONHECIDO COMO PRACA 3028,  LOCALIZADO NO BAIRRO SARANDI.;21/01/2016;ARQ - SETOR DE ARQUIVO;JOAO CARLOS NEDEL;APROVADO;;11902
718;2015;PLL;62;DENOMINA PRACA RAUL DA SILVA BOEIRA O LOGRADOURO PUBLICO CADASTRADO CONHECIDO COMO PRACA 7097 - LOTEAMENTO NOVA RESTINGA, 4. UV -, LOCALIZADO NO BAIRRO RESTINGA.;26/07/2016;ARQ - SETOR DE ARQUIVO;JOAO CARLOS NEDEL;APROVADO;;11903
660;2015;PLL;61;DENOMINA RENALDO FRIEDRICH A PISTA ATLETICA DA PRACA TORBEN DE ALENCASTRO FRIEDRICH, LOCALIZADA NO BAIRRO JARDIM LINDOIA.;21/01/2016;ARQ - SETOR DE ARQUIVO;JOAO CARLOS NEDEL;APROVADO;;11912
658;2015;PLL;60;DENOMINA RUA ADAO LUIZ CORREA O LOGRADOURO NAO CADASTRADO CONHECIDO COMO BECO B - VILA DO SARGENTO -,  LOCALIZADO NO BAIRRO SERRARIA.;21/01/2016;ARQ - SETOR DE ARQUIVO;ELIZANDRO SABINO;APROVADO;;11896
650;2015;PLE;5;AUTORIZA O EXECUTIVO MUNICIPAL PERMUTAR PROPRIO MUNICIPAL, LOCALIZADO NA AVENIDA LOUREIRO DA SILVA, N. 1.955, MATRICULA 144.225 DO CARTORIO DE REGISTRO DE IMOVEIS DA 2. ZONA DE PORTO ALEGRE, POR IMOVEIS PARTICULARES DE PROPRIEDADE DA SUCESSAO DE ALDO BESSON, LOCALIZADOS NA AVENIDA DIARIO DE NOTICIAS, MATRICULAS N. 46.520, N. 46.521 E N. 46.522, DO CARTORIO DE REGISTRO DE IMOVEIS DA 5. ZONA DESTA CAPITAL, PARA IMPLANTACAO DA ROTATORIA ENTRE AS AVENIDAS, DIARIO DE NOTICIAS, ICARAI E WENCESLAU ESCOBAR.;04/05/2016;DL - DIRETORIA LEGISLATIVA;GOVERNO MUNICIPAL;APROVADO;;11935
649;2015;PLCE;4;DISPOE SOBRE A REGULARIZACAO DE OBRAS CIVIS E CONSTRUCOES DO CONJUNTO HABITACIONAL HEROPHILO AZAMBUJA (IPE II), LOCALIZADO ENTRE AS AVENIDAS PROTASIO ALVES, BENTO GONCALVES E ANTONIO DE CARVALHO, OBJETO DA MATRICULA ORIGINAL N. 62.408, DE PROPRIEDADE DO INSTITUTO DE PREVIDENCIA DO ESTADO DO RIO GRANDE DO SUL (IPERGS), E DA OUTRAS PROVIDENCIAS.;12/05/2016;ARQ - SETOR DE ARQUIVO;GOVERNO MUNICIPAL;APROVADO;;777
600;2015;PLL;58;CONCEDE O TITULO DE CIDADAO DE PORTO ALEGRE AO SENHOR OLY ERICO DA COSTA FACHIN.;10/11/2015;ARQ - SETOR DE ARQUIVO;ALCEU BRASINHA;APROVADO;;11916
597;2015;PR;13;INCLUI CAPITULO IV - DA PROCURADORIA ESPECIAL DA MULHER - , COM ARTS. 86-A A 86-G, NO TITULO II - DOS ORGAOS DA CAMARA MUNICIPAL - DA RESOLUCAO N. 1.178, DE 16 DE JULHO DE 1992 - REGIMENTO DA CAMARA MUNICIPAL DE PORTO ALEGRE - ,E ALTERACOES POSTERIORES,CRIANDO A PROCURADORIA ESPECIAL DA MULHER E DANDO OUTRAS PROVIDENCIAS.;12/05/2016;ARQ - SETOR DE ARQUIVO;SOFIA CAVEDON;APROVADO;;2368
584;2015;PLL;57;INCLUI INC. XVI NO CAPUT DO ART. 2. DA LEI N. 7.855, DE 25 DE SETEMBRO DE 1996 - QUE OFICIALIZA, NO AMBITO DO MUNICIPIO, A SEMANA FARROUPILHA E DA OUTRAS PROVIDENCIAS -, E ALTERACOES POSTERIORES,  INCLUINDO O SINDICATO DOS COMPOSITORES MUSICAIS DO ESTADO DO RS NO ROL DE INSTITUICOES COM REPRESENTACAO NA COMISSAO ESPECIAL RESPONSAVEL PELA PROGRAMACAO DA SEMANA FARROUPILHA.;21/01/2016;ARQ - SETOR DE ARQUIVO;DELEGADO CLEITON;APROVADO;;11941
583;2015;PR;12;CONCEDE A COMENDA PORTO DO SOL A ACADEMIA RIO-GRANDENSE DE LETRAS.;30/11/2015;ARQ - SETOR DE ARQUIVO;LOURDES SPRENGER;APROVADO;;2369
581;2015;PR;11;CONCEDE A COMENDA PORTO DO SOL A FUNDACAO CULTURAL E ASSISTENCIAL ECARTA.;21/01/2016;ARQ - SETOR DE ARQUIVO;SOFIA CAVEDON;APROVADO;;2358
578;2015;PLL;56;DENOMINA RUA DONA FRANSCICA ALVES O LOGRADOURO PUBLICO CADASTRADO CONHECIDO COMO BECO UM - ESTRADA JOAO ANTONIO SILVEIRA -, LOCALIZADO NO BAIRRO LOMBA DO PINHEIRO.;09/03/2016;ARQ - SETOR DE ARQUIVO;MARCIO BINS ELY;APROVADO;;11978
549;2015;PR;9;CRIA 36(TRINTA E SEIS)  CARGOS DE ASSESSOR PARLAMENTAR DE GABINETE, CODIGO 2.1.2.1A, NO ITEM FUNCAO ESPECIFICA DO QUADRO DOS CARGOS EM COMISSAO E FUNCOES GRATIFICADAS DA CAMARA MUNICIPAL DE PORTO ALEGRE, CONSTANTE DO ART. 20, E ALTERA O INC. II DO CAPUT DO ART. 20-A, AMBOS NA LEI N. 5.811, DE 8 DE DEZEMBRO DE 1986, E ALTERACOES POSTERIORES.;19/01/2016;ARQ - SETOR DE ARQUIVO;MESA DIRETORA;APROVADO;;2366
548;2015;PLCE;3;CRIA O FUNDO DE REAPARELHAMENTO E APERFEICOAMENTO PREVIDENCIARIO - FRAP.;05/04/2016;ARQ - SETOR DE ARQUIVO;GOVERNO MUNICIPAL;APROVADO;;762
535;2015;PLL;52;DENOMINA RUA AMELIA SANTINI FORTUNATI O LOGRADOURO PUBLICO NAO CADASTRADO CONHECIDO COMO RUA 1992, LOCALIZADO NO BAIRRO RUBEM BERTA.;18/01/2016;ARQ - SETOR DE ARQUIVO;JOAO CARLOS NEDEL E OUTROS;APROVADO;;11924
481;2015;PLL;46;INCLUI A EFEMERIDE JULHO AMARELO NO ANEXO DA LEI N. 10.904, DE 31 DE MAIO DE 2010 - CALENDARIO DE DATAS COMEMORATIVAS E DE CONSCIENTIZACAO DO MUNICIPIO DE PORTO ALEGRE - E ALTERACOES POSTERIORES, NO MES DE JULHO.;28/03/2016;ARQ - SETOR DE ARQUIVO;MARCIO BINS ELY;APROVADO;;11952
470;2015;PLL;45;INCLUI O EVENTO FEIRA DE ARTE ANTIGA E CONTEMPORANEA DO MERCADO PUBLICO CENTRAL NO ANEXO I DA LEI N. 10.903, DE 31 DE MAIO DE 2010 - CALENDARIO DE EVENTOS DE PORTO ALEGRE E CALENDARIO MENSAL DE ATIVIDADES DE PORTO ALEGRE -, E ALTERACOES POSTERIORES,  EM 1  (UMA)  SEMANA DE CADA MES, E DA OUTRAS PROVIDENCIAS.;09/03/2016;ARQ - SETOR DE ARQUIVO;DR. THIAGO DUARTE                                 ;APROVADO;;11985
467;2015;PLL;44;CONCEDE O TITULO DE CIDADAO EMERITO DE PORTO ALEGRE AO SENHOR CLAUDIO ROBERTO PAGNO DA COSTA.;27/10/2015;ARQ - SETOR DE ARQUIVO;DELEGADO CLEITON;APROVADO;;11879
444;2015;PR;7;CONCEDE O DIPLOMA  HONRA AO MERITO A ASSOCIACAO NACIONAL DE DEFESA E INFORMACAO DO CONSUMIDOR - ANDICOM.;21/01/2016;ARQ - SETOR DE ARQUIVO;MARCIO BINS ELY;APROVADO;;2376
412;2015;PR;6;ESTABELECE REGRAS PARA A CONCESSAO DE DIARIA A VEREADOR E A SERVIDOR DA CAMARA MUNICIPAL DE PORTO ALEGRE OU A DISPOSICAO DESSA E REVOGA A RESOLUCAO N. 907, DE 12 DE AGOSTO DE 1987.;26/10/2015;ARQ - SETOR DE ARQUIVO;MESA DIRETORA;APROVADO;;2374
401;2015;PR;5;CONCEDE O DIPLOMA HONRA AO MERITO A ENTIDADE PACTO PASTORAL DE AUXILIO COMUNITARIO AO TOXICOMANO.;19/01/2016;ARQ - SETOR DE ARQUIVO;ELIZANDRO SABINO;APROVADO;;2378
366;2015;PLL;37;CONCEDE O TITULO DE CIDADAO EMERITO DE PORTO ALEGRE AO CONTADOR ZULMIR IVANIO BREDA.;15/10/2015;ARQ - SETOR DE ARQUIVO;LOURDES SPRENGER;APROVADO;;11888
351;2015;PLL;34;DENOMINA RUA BIAGIO MORELLI O LOGRADOURO NAO CADASTRADO CONHECIDO COMO RUA TRES MIL E SETENTA - JARDIM SAFIRA -, LOCALIZADO NO BAIRRO MARIO QUINTANA.;21/01/2016;ARQ - SETOR DE ARQUIVO;JOAO CARLOS NEDEL;APROVADO;;11861
350;2015;PLL;33;CONCEDE O TITULO DE CIDADAO DE PORTO ALEGRE AO SENHOR SOLIMAR DOS SANTOS AMARO.;18/01/2016;ARQ - SETOR DE ARQUIVO;JOAO CARLOS NEDEL;APROVADO;;11865
347;2015;PLCE;1;"ALTERA O ''CAPUT'', OS INCS. I, II, III, IV, E OS PARAGRAFOS 1., 2., 3. E 4. DO ART. 15, INCLUI INCS. V, VI, VII, VIII E IX E PARAGRAFO 6. NO ''CAPUT'' DO ART. 15; ALTERA O ''CAPUT'' DO ART. 16, RENUMERA O PARAGRAFO UNICO PARA PARAGRAFO 1. ALTERANDO SUA REDACAO, INCLUI INCS. II E II E PARAGRAFO 2., NO ''CAPUT'' DO ART. 16., E ALTERA O ART. 17, TODOS DA LEI COMPLEMENTAR N. 170, DE 31 DE DEZEMBRO DE 1996 - QUE ESTABELECE NORMAS PARA INSTALACOES HIDROSSANITARIAS E SERVICOS PUBLICOS DE ABASTECIMENTO DE AGUA E ESGOTAMENTO SANITARIO PRESTADOS PELO DEPARTAMENTO MUNICIPAL DE AGUA E ESGOTO E DA OUTRAS PROVIDENCIAS -, DISPONDO SOBRE A INTERRUPCAO E SUSPENSAO DO FORNECIMENTO E DO DESLIGAMENTO DO RAMAL DE AGUA.";18/01/2016;ARQ - SETOR DE ARQUIVO;GOVERNO MUNICIPAL;APROVADO;;783
346;2015;PLL;31;INCLUI O EVENTO PORTO ALEGRE OPEN DE TENIS NO ANEXO II DA LEI N. 10.903, DE 31 DE MAIO DE 2010 - CALENDARIO DE EVENTOS DE PORTO ALEGRE E CALENDARIO MENSAL DE ATIVIDADES DE PORTO ALEGRE - , E ALTERACOES POSTERIORES, NO MES DE NOVEMBRO.;19/04/2016;ARQ - SETOR DE ARQUIVO;JOAO CARLOS NEDEL;APROVADO;;11943
338;2015;PLL;30;DENOMINA RUA FREI ROVILIO COSTA O LOGRADOURO NAO CADASTRADO CONHECIDO COMO RUA 2001, LOCALIZADO NO BAIRRO FARRAPOS.;19/01/2016;ARQ - SETOR DE ARQUIVO;JOAO CARLOS NEDEL;APROVADO;;11962
320;2015;PLE;4;DESAFETA PARTE DE AREA DESTINADA A PARQUE NA VILA NOVA RESTINGA, VISANDO REGULARIZAR A ESTACAO DE TRATAMENTO DE ESGOTO (ETE), COM AUTORIZACAO PARA DOACAO AO DEPARTAMENTO MUNICIPAL DE AGUAS E ESGOTOS (DMAE), AUTORIZA DOACAO AO DEPARTAMENTO MUNICIPAL DE HABITACAO (DEMHAB), DE AREA DESTINADA A REGULARIZACAO DO LOTEAMENTO BELA VISTA E AUTORIZA A DESAFETACAO DE AREAS PUBLICAS E COMUNITARIAS DO LOTEAMENTO VILA JARDIM DAS ORQUIDEAS.;19/01/2016;ARQ - SETOR DE ARQUIVO;GOVERNO MUNICIPAL;APROVADO;;11938
270;2015;PLL;26;DENOMINA PRACA DOUTOR ILDO LUIZ ELY O LOGRADOURO PUBLICO NAO CADASTRADO CONHECIDO COMO PRACA MIL, NOVECENTOS E SETENTA E NOVE, LOCALIZADO NO BAIRRO AZENHA.;21/01/2016;ARQ - SETOR DE ARQUIVO;MARCIO BINS ELY;APROVADO;;11917
196;2015;PLL;17;DENOMINA RUA MARIA PAULA LEAL O LOGRADOURO PUBLICO NAO CADASTRADO CONHECIDO COMO RUA 2006 - LOTEAMENTO FREDERICO MENTZ -, LOCALIZADO NO BAIRRO FARRAPOS.;28/03/2016;ARQ - SETOR DE ARQUIVO;JOAO CARLOS NEDEL;APROVADO;;11945
195;2015;PLL;16;CONCEDE O TITULO DE CIDADAO DE PORTO ALEGRE AO SENHOR NEORY MULLER.;15/03/2016;ARQ - SETOR DE ARQUIVO;JOAO DERLY;APROVADO;;11942
180;2015;PLL;15;DENOMINA RUA MARIA FEOLI GUARAGNA O LOGRADOURO NAO CADASTRADO CONHECIDO COMO RUA TRES MIL E SESSENTA E UM - JARDIM SAFIRA -, LOCALIZADO NO BAIRRO MARIO QUINTANA.;21/01/2016;ARQ - SETOR DE ARQUIVO;JOAO CARLOS NEDEL;APROVADO;;11907
171;2015;PLL;13;DENOMINA RUA GAETANO SANTAGADA O LOGRADOURO NAO CADASTRADO CONHECIDO COMO RUA TRES MIL E SESSENTA E SETE - JARDIM SAFIRA -, LOCALIZADO NO BAIRRO MARIO QUINTANA.;05/04/2016;ARQ - SETOR DE ARQUIVO;JOAO CARLOS NEDEL;APROVADO;;11818
167;2015;PLL;10;DENOMINA RUA DOUTORA NUNCIA DE CONSTANTINO O LOGRADOURO NAO CADASTRADO CONHECIDO COMO RUA TRES MIL E SESSENTA E OITO - JADIM SAFIRA -, LOCALIZADO NO BAIRRO MARIO QUINTANA.;21/01/2016;ARQ - SETOR DE ARQUIVO;JOAO CARLOS NEDEL;APROVADO;;11900
166;2015;PLL;9;DENOMINA RUA SANZI BIAGIO O LOGRADOURO NAO CADASTRADO CONHECIDO COMO RUA TRES MIL E SESSENTA E TRES - JARDIM SAFIRA -, LOCALIZADO NO BAIRRO MARIO QUINTANA.;21/01/2016;ARQ - SETOR DE ARQUIVO;JOAO CARLOS NEDEL;APROVADO;;11862
143;2015;PLL;8;DENOMINA RUA CARLOS MOTTA SOBRINHO O LOGRADOURO PUBLICO CADASTRADO CONHECIDO COMO RUA 23 - LOTEAMENTO RESIDENCIAL RUBEM BERTA -, LOCALIZADO NO BAIRRO RUBEM BERTA.;19/01/2016;ARQ - SETOR DE ARQUIVO;ELIZANDRO SABINO;APROVADO;;11910
80;2015;PLL;3;DECLARA DE UTILIDADE PUBLICA O INSTITUTO GERACAO TRICOLOR - IGT.;06/04/2016;ARQ - SETOR DE ARQUIVO;TARCISO FLECHA NEGRA                              ;APROVADO;;11875
53;2015;PLE;1;AUTORIZA O MUNICIPIO DE PORTO ALEGRE A DESAFETAR E A DOAR A ASSOCIACAO COMUNITARIA E CULTURAL QUILOMBO DO AREAL AREAS MUNICIPAIS DESTINADAS AO RECONHECIMENTO DA PROPRIEDADE DEFINITIVA DA AREA QUE DESCREVE E INSTITUI AREA ESPECIAL DE INTERESSE CULTURAR (AEIC), NOS TERMOS DO ART. 92 DA LEI COMPLEMENTAR N. 434, DE 1. DE DEZEMBRO DE 1999 (PDDUA), E ALTERACOES POSTERIORES, NA MESMA AREA.;04/05/2016;DL - DIRETORIA LEGISLATIVA;GOVERNO MUNICIPAL;APROVADO;;11871
3045;2014;PLL;291;DENOMINA RUA IVAR PIAZZETA O LOGRADOURO PUBLICO CADASTRADO CONHECIDO COMO RUA 2086 - LOTEAMENTO PARQUE EMPRESARIAL CONDOR -, LOCALIZADO NO BAIRRO SAO JOAO.;19/01/2016;ARQ - SETOR DE ARQUIVO;IDENIR CECCHIM;APROVADO;;11859
3044;2014;PLL;290;CONCEDE O TITULO DE CIDADAO DE PORTO ALEGRE AO SENHOR CARLOS ALBERTO DE MORAES SCHETTERT.;19/01/2016;ARQ - SETOR DE ARQUIVO;WALDIR CANAL                                      ;APROVADO;;11889
3040;2014;PR;45;CONCEDE A COMENDA PORTO DO SOL A FEDERACAO SINDICAL DOS SERVIDORES PUBLICOS DO ESTADO DO RIO GRANDE DO SUL - FESSERGS.;19/10/2015;PROTOC - SETOR DE PROTOCOLO;PROFESSOR GARCIA;APROVADO;;2359
3039;2014;PLL;287;DECLARA DE UTILIDADE PUBLICA A ASSOCIACAO SUL-RIOGRANDENSE DE APOIO AO DESENVOLVIMENTO DE SOFTWARE - SOFTSUL.;21/01/2016;ARQ - SETOR DE ARQUIVO;JOAO CARLOS NEDEL;APROVADO;;11898
3024;2014;PLL;286;DENOMINA RUA FERNANDO LUCIO DA COSTA O LOGRADOURO NAO CADASTRADO CONHECIDO COMO RUA B - SPORT CLUB INTERNACIONAL -, LOCALIZADO NO BAIRRO PRAIA DE BELAS.;25/05/2016;ARQ - SETOR DE ARQUIVO;MESA DIRETORA E OUTROS;APROVADO;;11918
3023;2014;PLL;285;DENOMINA RUA NESTOR LUDWIG O LOGRADOURO NAO CADASTRADO CONHECIDO COMO RUA A - SPORT CLUB INTERNACIONAL -, LOCALIZADO NO BAIRRO PRAIA DE BELAS.;25/05/2016;ARQ - SETOR DE ARQUIVO;MESA DIRETORA E OUTROS;APROVADO;;11919
3022;2014;PLL;284;DENOMINA RUA CARLOS MEDINA O LOGRADOURO NAO CADASTRADO CONHECIDO COMO RUA C - SPORT CLUB INTERNACIONAL -, LOCALIZADO NO BAIRRO PRAIA DE BELAS.;03/05/2016;ARQ - SETOR DE ARQUIVO;MESA DIRETORA E OUTROS;APROVADO;;11897
3012;2014;PR;43;CONCEDE O DIPLOMA HONRA AO MERITO AO GRUPO HABITASUL.;05/04/2016;ARQ - SETOR DE ARQUIVO;REGINALDO PUJOL;APROVADO;;2382
2994;2014;PLL;280;CONCEDE O TITULO DE CIDADAO DE PORTO ALEGRE AO SENHOR LUIZ ALBERTO BARICHELLO.;04/04/2016;ARQ - SETOR DE ARQUIVO;ENGENHEIRO COMASSETTO                             ;APROVADO;;11930
2993;2014;PLL;279;INCLUI PARAGRAFO UNICO NO ART. 64 DA LEI N. 6.310, DE 29 DE DEZEMBRO DE 1988 - QUE ESTABELECE O PLANO DE CARREIRA DOS FUNCIONARIOS DO DEPARTAMENTO MUNICIPAL DE HABITACAO (DEMHAB), DISPOE SOBRE O PLANO DE PAGAMENTO E DA OUTRAS PROVIDENCIAS -, E ALTERACOES POSTERIORES, ESTENDENDO GRATIFICACAO POR ATIVIDADE ESPECIAL A DETENTORES DO CARGO DE GUARDA MUNICIPAL QUE ESPECIFICA.;04/11/2015;ARQ - SETOR DE ARQUIVO;CASSIO TROGILDO;APROVADO;VETO TOTAL MANTIDO;
2971;2014;PR;42;CONCEDE O DIPLOMA HONRA AO MERITO A ASSOCIACAO BENEFICENTE E CULTURAL IRAJA DE ALMEIDA GUTERRES - SAMBA DO IRAJA.;17/11/2015;ARQ - SETOR DE ARQUIVO;JOAO BOSCO VAZ;APROVADO;;2373
2938;2014;PLCL;31;CRIA E INSTITUI COMO AREA ESPECIAL DE INTERESSE INSTITUCIONAL - AEII - A SUBUNIDADE 05 NA UNIDADE DE ESTRUTURACAO URBANA - UEU - 66 DA MACROZONA - MZ - 01, CONSTITUIDA PELO CONJUNTO DE TERRENOS OCUPADOS PELO COMPLEXO HOSPITALAR MAE DE DEUS, DEFINE-LHE REGIME URBANISTICO E PADROES PARA CALCULO DE GUARDA DE VEICULOS E ALTERA LIMITES DAS SUBUNIDADES 01 E 02 DESSA UEU.;06/04/2016;ARQ - SETOR DE ARQUIVO;MARCIO BINS ELY;APROVADO;;764
2923;2014;PR;40;CONCEDE A COMENDA PORTO DO SOL AO SENHOR PAULO MONTEIRO FREITAS.;21/01/2016;ARQ - SETOR DE ARQUIVO;NEREU D'AVILA;APROVADO;;2357
2922;2014;PLL;272;CONCEDE O TITULO DE CIDADAO DE PORTO ALEGRE AO SENHOR DAVID NUNES.;21/01/2016;ARQ - SETOR DE ARQUIVO;GUILHERME SOCIAS VILLELA;APROVADO;;11851
2916;2014;PR;39;CONCEDE O DIPLOMA HONRA AO MERITO A EMPRESA REFUGIU'S BAR LTDA.;18/01/2016;ARQ - SETOR DE ARQUIVO;MAURO PINHEIRO;APROVADO;;2372
2910;2014;PLL;270;CONCEDE O TITULO DE CIDADAO DE PORTO ALEGRE AO SENHOR ALOYZIO CECHELLA ACHUTTI.;19/01/2016;ARQ - SETOR DE ARQUIVO;WALDIR CANAL                                      ;APROVADO;;11844
2908;2014;PLL;269;CONCEDE O TITULO DE CIDADAO EMERITO DE PORTO ALEGRE AO SENHOR ANTONIO CARLOS CORTES.;21/01/2016;ARQ - SETOR DE ARQUIVO;JOAO BOSCO VAZ;APROVADO;;11878
2873;2014;PLL;267;CONCEDE O TITULO DE CIDADAO DE PORTO ALEGRE AO SENHOR ANTONIO CESA LONGO.;21/01/2016;ARQ - SETOR DE ARQUIVO;MAURO PINHEIRO;APROVADO;;11932
2869;2014;PLL;265;CONCEDE O TITULO DE CIDADAO DE PORTO ALEGRE AO SENHOR ANDRES NICOLAS D'ALESSANDRO.;21/01/2016;ARQ - SETOR DE ARQUIVO;MARIO MANFRO                                      ;APROVADO;;11835
2815;2014;PLL;259;DENOMINA RUA PROVINCIA AUTONOMA DE TRENTO O LOGRADOURO PUBLICO CADASTRADO CONHECIDO COMO RUA 7063 - LOTEAMENTO LAGOS DE NOVA IPANEMA III -, LOCALIZADO NO BAIRRO HIPICA.;21/01/2016;ARQ - SETOR DE ARQUIVO;AIRTO FERRONATO;APROVADO;;11863
2811;2014;PLL;257;INCLUI A EFEMERIDE PROCISSAO DE NOSSA SENHORA DAS GRACAS DA MEDALHA MILAGROSA NO ANEXO DA LEI N. 10.904, DE 31 DE MAIO DE 2010 - CALENDARIO DE DATAS COMEMORATIVAS E DE CONSCIENTIZACAO DO MUNICIPIO DE PORTO ALEGRE -, E ALTERACOES POSTERIORES, NO QUARTO DOMINGO DE NOVEMBRO.;25/09/2015;DL - DIRETORIA LEGISLATIVA;PROFESSOR GARCIA;APROVADO;;11892
2806;2014;PLL;256;DECLARA DE UTILIDADE PUBLICA A ASSOCIACAO GAUCHA AMIGOS DO CIRCO.;15/03/2016;ARQ - SETOR DE ARQUIVO;SOFIA CAVEDON;APROVADO;;11973
2804;2014;PLL;255;DENOMINA PRACA RITA BRANDAO SEGER O LOGRADOURO PUBLICO NAO CADASTRADO CONHECIDO COMO PRACA 3732,LOCALIZADO NO BAIRRO JARDIM ITU SABARA.;18/01/2016;ARQ - SETOR DE ARQUIVO;JOAO CARLOS NEDEL;APROVADO;;11899
2803;2014;PLL;254;INCLUI NO ANEXO II DA LEI N. 10.903, DE 31 DE MAIO DE 2010 - CALENDARIO DE EVENTOS DE PORTO ALEGRE E CALENDARIO MENSAL DE ATIVIDADES DE PORTO ALEGRE -, E ALTERACOES POSTERIORES, O EVENTO NATAL NA PRACA, EM PERIODO DO MES DE DEZEMBRO, A SER DEFINIDO ANUALMENTE.;18/01/2016;ARQ - SETOR DE ARQUIVO;REGINALDO PUJOL;APROVADO;;11857
2791;2014;PLL;253;DENOMINA RUA DORA SCHARDONG O LOGRADOURO PUBLICO CADASTRADO CONHECIDO COM RUA SETE MIL, CENTO E NOVENTA E UM, LOCALIZADO NO BAIRRO RESTINGA.;19/01/2016;ARQ - SETOR DE ARQUIVO;JOAO CARLOS NEDEL;APROVADO;;11904
2783;2014;PLCE;14;ALTERA O ''CAPUT'' DO ART. 15, O INC. IX DO ART. 16, O ART. 17 E INCLUI O ART. 17-A, TODOS DA LEI COMPLEMENTAR N. 721, DE 29 DE NOVEMBRO DE 2013, - QUE ESTABELECE MEDIDAS DE INCENTIVO E APOIO A INOVACAO E A PESQUISA CIENTIFICA E TECNOLOGICA NO AMBITO EMPRESARIAL, ACADEMICO E SOCIAL NO MUNICIPIO DE PORTO ALEGRE, - MODIFICANDO A CONSTITUICAO DO CONSELHO GESTOR E DANDO OUTRAS PROVIDENCIAS.;26/07/2016;ARQ - SETOR DE ARQUIVO;GOVERNO MUNICIPAL;APROVADO;;781
2746;2014;PLL;251;CONCEDE  O TITULO DE CIDADAO DE PORTO ALEGRE, IN MEMORIAM,  AO EX-JOGADOR DE FUTEBOL FERNANDO LUCIO DA COSTA.;09/08/2016;ARQ - SETOR DE ARQUIVO;NEREU D'AVILA;APROVADO;;11800
2742;2014;PLL;249;INCLUI O EVENTO JOGOS DO GRUPO CANELA PRETA NO ANEXO II DA LEI N. 10.903, DE 31 DE MAIO DE 2010 - CALENDARIO DE EVENTOS DE PORTO ALEGRE E CALENDARIO MENSAL DE ATIVIDADES DE PORTO ALEGRE -, E ALTERACOES POSTERIORES, NO MES DE NOVEMBRO, NO SABADO EM QUE FINDAREM A SEMANA DA CONSCIENCIA NEGRA DA CIDADE DE PORTO ALEGRE E A SEMANA DA CONSCIENCIA NEGRA E DE ACAO ANTIRRACISMO DA CAMARA MUNICIPAL DE PORTO ALEGRE.;19/01/2016;ARQ - SETOR DE ARQUIVO;JOAO BOSCO VAZ;APROVADO;;11867
2741;2014;PR;38;CONCEDE A COMENDA PORTO DO SOL AO RADIALISTA ODIR FERREIRA DOS SANTOS.;17/11/2015;ARQ - SETOR DE ARQUIVO;JOAO BOSCO VAZ;APROVADO;;2365
2694;2014;PR;37;CONCEDE O DIPLOMA HONRA AO MERITO A CLINICA HELP - ASSESSORIA PSICOLOGICA SOCIEDADE SIMPLES LTDA.;21/07/2015;ARQ - SETOR DE ARQUIVO;ELIZANDRO SABINO;APROVADO;;2364
2665;2014;PLCE;10;"DISPOE SOBRE ALTERACOES NA ESTRUTURA DA SECRETARIA MUNICIPAL DA FAZENDA, CRIA O TESOURO MUNICIPAL, A SUPERINTENDENCIA DA TECNOLOGIA DA INFORMACAO E A RECEITA MUNICIPAL, DEFINE A ESTRUTURA BASICA E AS FUNCOES INSTITUCIONAIS DESTES, ALTERA A ESTRUTURA DA CONTROLADORIA-GERAL DO MUNICIPIO; DISPOE SOBRE A CARREIRA E A REMUNERACAO DO AUDITOR-FISCAL DA RECEITA MUNICIPAL; CRIA E EXTINGUE CARGOS EM COMISSAO E FUNCOES GRATIFICADAS NO QUADRO DE CARGOS EM COMISSAO E FUNCOES GRATIFICADAS, CONSTANTE DA LETRA ''C'' DO ANEXO I DA LEI N. 6.309, DE 28 DE DEZEMBRO DE 1988; ALTERA O ART. 4., O ART. 39, O ART. 50, EXCLUI A CLASSE DE AGENTE FISCAL DA RECEITA MUNICIPAL DO GRUPO ES - GRUPO EXECUTIVO E ASSESSORAMENTO SUPERIOR E INCLUI A CLASSE AUDITOR-FISCAL DA RECEITA MUNICIPAL DO GRUPO AT - GRUPO DE AUDITORIA TRIBUTARIA, AMBOS DO QUADRO DE CARGOS DE PR";17/08/2016;ARQ - SETOR DE ARQUIVO;GOVERNO MUNICIPAL;APROVADO;VETO PARCIAL MANTIDO;765
2658;2014;PR;36;CONCEDE O TROFEU CAMARA MUNICIPAL DE PORTO ALEGRE A ASSOCIACAO UNIAO DOS DESTAQUES DO CARNAVAL DE PORTO ALEGRE - UDESCA.;17/11/2015;ARQ - SETOR DE ARQUIVO;JOAO BOSCO VAZ;APROVADO;;2363
2642;2014;PR;35;CONCEDE A COMENDA PORTO DO SOL AO SENHOR JEAN WYLLYS DE MATOS SANTOS.;21/01/2016;ARQ - SETOR DE ARQUIVO;FERNANDA MELCHIONNA E PEDRO RUAS;APROVADO;;2362
2604;2014;PLL;240;DECLARA DE UTILIDADE PUBLICA A ASSOCIACAO DOS SERVIDORES DA JUSTICA DO RIO GRANDE DO SUL - ASJ.;21/01/2016;ARQ - SETOR DE ARQUIVO;DELEGADO CLEITON;APROVADO;;11842
2598;2014;PR;34;CONCEDE O DIPLOMA HONRA AO MERITO A SENHORA JANETE DE ABREU.;21/01/2016;ARQ - SETOR DE ARQUIVO;JOAO CARLOS NEDEL;APROVADO;;2371
2556;2014;PLL;236;CONCEDE O TITULO DE CIDADAO DE PORTO ALEGRE AO PADRE CLAUDIONIR CERON.;19/01/2016;ARQ - SETOR DE ARQUIVO;RONI CASA DA SOPA;APROVADO;;11886
2555;2014;PLCE;7;INSTITUI A ZONA RURAL NO MUNICIPIO DE PORTO ALEGRE E CRIA O SISTEMA DE GESTAO DA POLITICA DE DESENVOLVIMENTO RURAL.;26/07/2016;ARQ - SETOR DE ARQUIVO;GOVERNO MUNICIPAL;APROVADO;;775
2532;2014;PLL;235;DENOMINA AVENIDA PRINCIPAL DA PONTA GROSSA O TRECHO DO LOGRADOURO PUBLICO CADASTRADO CONHECIDO COMO ESTRADA RETIRO DA PONTA GROSSA COMPREENDIDO ENTRE A ROTULA DA AVENIDA JUCA BATISTA E A ROTULA DA ESTRADA DA PONTA GROSSA E LOCALIZADO NO BAIRRO PONTA GROSSA.;06/04/2016;ARQ - SETOR DE ARQUIVO;MARCIO BINS ELY;APROVADO;;11860
2523;2014;PLL;234;DENOMINA RUA EGYDIO PEDRO FLACH O LOGRADOURO PUBLICO CADASTRADO CONHECIDO COMO RUA DEZESSETE - LOTEAMENTO JARDIM DONA LEOPOLDINA II.;21/01/2016;ARQ - SETOR DE ARQUIVO;JOAO CARLOS NEDEL;APROVADO;;11824
2519;2014;PLL;233;DECLARA DE UTILIDADE PUBLICA O SEMPRE MULHER: INSTITUTO DE PESQUISA E INTERVENCAO SOBRE RELACOES RACIAIS.;21/01/2016;ARQ - SETOR DE ARQUIVO;ALBERTO KOPITTKE;APROVADO;;11915
2509;2014;PLL;231;INCLUI A EFEMERIDE SEMANA DE CONSCIENTIZACAO CONTRA OS MAUS TRATOS E O ABANDONO DE ANIMAIS NO ANEXO DA LEI N. 10.904, DE 31 DE MAIO DE 2010 - CALENDARIO DE DATAS COMEMORATIVAS E DE CONSCIENTIZACAO DO MUNICIPIO DE PORTO ALEGRE - , E ALTERACOES POSTERIORES, REALIZADA NA SEMANA QUE INCLUIR O DIA 4 DE OUTUBRO.;21/01/2016;ARQ - SETOR DE ARQUIVO;WALDIR CANAL                                      ;APROVADO;;11933
2488;2014;PLL;228;DENOMINA LARGO DIOGO FRANCISCO OLIVEIRA O LOGRADOURO PUBLICO CADASTRADO CONHECIDO COMO LARGO C - BALNEARIO ARADO VELHO -, LOCALIZADO NO BAIRRO BELEM NOVO.;21/01/2016;ARQ - SETOR DE ARQUIVO;DR. THIAGO DUARTE                                 ;APROVADO;;11846
2487;2014;PLL;227;INCLUI A EFEMERIDE DIA MUNICIPAL DO REGGAE NO ANEXO DA LEI N. 10.904, DE 31 DE MAIO DE 2010 - CALENDARIO DE DATAS COMEMORATIVAS E DE CONSCIENTIZACAO DO MUNICIPIO DE PORTO ALEGRE -, E ALTERACOES POSTERIORES -, NO DIA 11 DE MAIO.;21/01/2016;ARQ - SETOR DE ARQUIVO;DELEGADO CLEITON;APROVADO;;11854
2481;2014;PLL;226;DENOMINA RUA HELIO MARTINS O LOGRADOURO NAO CADASTRADO CONHECIDO COMO RUA H - VILA DO SARGENTO -, LOCALIZADO NO BAIRRO SERRARIA.;14/01/2016;ARQ - SETOR DE ARQUIVO;JOAO CARLOS NEDEL;APROVADO;;11839
2418;2014;PLL;223;ISENTA OS SERVIDORES DE NIVEL MEDIO DA BRIGADA MILITAR E OS SERVIDORES DA GUARDA MUNICIPAL DE PORTO ALEGRE, DESDE QUE EM HORARIO DE SERVICO, DO PAGAMENTO DA TARIFA DO TRANSPORTE COLETIVO POR ONIBUS MEDIANTE A APRESENTACAO DE QUALQUER DOCUMENTO DE IDENTIFICACAO FUNCIONAL OU DE CARTAO ELETRONICO DE  PASSE GRATUITO EMITIDO PELA EMPRESA PUBLICA DE TRANSPORTE E CIRCULACAO - EPTC -  E REVOGA AS LEIS NS. 5.397, DE 10 DE JANEIRO DE 1984, E 7.017, DE 27 DE MARCO DE 1992.;21/01/2016;ARQ - SETOR DE ARQUIVO;CASSIO TROGILDO;APROVADO;VETO PARCIAL MANTIDO;
2395;2014;PLL;221;OBRIGA AS EMPRESAS E AS CONCESSIONARIAS QUE FORNECEM ENERGIA ELETRICA, TELEFONIA FIXA, BANDA LARGA, TELEVISAO A CABO OU OUTRO SERVICO POR MEIO DE REDE AEREA A RETIRAR DE POSTES A FIACAO EXCEDENTE E SEM USO QUE TENHAM INSTALADO E DA OUTRAS PROVIDENCIAS.;21/01/2016;ARQ - SETOR DE ARQUIVO;AIRTO FERRONATO;APROVADO;;11870
2378;2014;PLL;219;DENOMINA RUA ULYSSES DO NASCIMENTO LOPES O LOGRADOURO PUBLICO CADASTRADO CONHECIDO COMO RUA CINCO MIL E SESSENTA E OITO - LOTEAMENTO MANICA LAVOURA -, LOCALIZADO NO BAIRRO CAMPO NOVO.;21/01/2016;ARQ - SETOR DE ARQUIVO;ELIZANDRO SABINO;APROVADO;;11847
2366;2014;PLL;217;CONCEDE O TITULO DE CIDADA DE PORTO ALEGRE A IRMA GENTILA SEGATTO.;21/01/2016;ARQ - SETOR DE ARQUIVO;MAURO PINHEIRO;APROVADO;;11852
2305;2014;PLL;215;DENOMINA PRACA CORONEL ADAO CORDEIRO O LOGRADOURO PUBLICO CADASTRADO CONHECIDO COMO PRACA 3731 - LOTEAMENTO JARDIM ITU -, LOCALIZADO NO BAIRRO JARDIM ITU SABARA.;14/01/2016;ARQ - SETOR DE ARQUIVO;JOAO CARLOS NEDEL;APROVADO;;11827
2271;2014;PLL;214;INCLUI A EFEMERIDE SEMANA MUNICIPAL DO ENXADRISMO NO ANEXO DA LEI N. 10.904, DE 31 DE MAIO DE 2010 - CALENDARIO DE DATAS COMEMORATIVAS E DE CONSCIENTIZACAO DO MUNICIPIO DE PORTO ALEGRE -, E ALTERACOES POSTERIORES, REALIZADA NA SEMANA QUE INCLUIR O DIA 19 DE NOVEMBRO.;17/08/2016;ARQ - SETOR DE ARQUIVO;MARCELO SGARBOSSA;APROVADO;;11850
2265;2014;PLL;213;"CRIA E DECLARA COMO AREA ESPECIAL DE INTERESSE SOCIAL IV SUBUNIDADES NAS UNIDADES DE ESTRUTURACAO URBANA (UEUS) 48 DA MACROZONA (MZ) 02; 06, 10, 16, 20, 22 E 86 DA MZ 03; 04 DA MZ 04; 30 DA MZ 05; E 20 DA MZ 08, ALTERA LIMITES DE SUBUNIDADES QUE LHE SAO ADJACENTES E DA OUTRAS PROVIDENCIAS.";14/01/2016;ARQ - SETOR DE ARQUIVO;PEDRO RUAS E FERNANDA MELCHIONNA;APROVADO;VETO TOTAL REJEITADO;11807
2251;2014;PLL;212;CONCEDE O TITULO DE CIDADAO DE PORTO ALEGRE AO SENHOR MARCINO FERNANDES RODRIGUES JUNIOR.;19/01/2016;ARQ - SETOR DE ARQUIVO;CLAUDIO CONCEICAO                                 ;APROVADO;;11834
2204;2014;PLE;33;DESAFETA AREA DE USO COMUM DO POVO, EM AREA LINDEIRA AO HOSPITAL NOSSA SENHORA DA CONCEICAO, SITUADA NO BAIRRO CRISTO REDENTOR, AUTORIZA A DACAO EM PAGAMENTO DO IMOVEL E REVOGA A LEI N. 5.655, DE 25 DE OUTUBRO DE 1985.;14/01/2016;ARQ - SETOR DE ARQUIVO;GOVERNO MUNICIPAL;APROVADO;;11814
2203;2014;PLE;32;"ALTERA A LETRA ''C'' DO ANEXO I DA LEI N. 6.309, DE 28 DE DEZEMBRO DE 1988 - QUE ESTABELECE O PLANO DE CARREIRA DOS FUNCIONARIOS DA ADMINISTRACAO CENTRALIZADA DO MUNICIPIO; DISPOE SOBRE O PLANO DE PAGAMENTO E DA OUTRAS PROVIDENCIAS -, E ALTERACOES POSTERIORES, EXTINGUINDO 3 (TRES) E CRIANDO 4 (QUATRO) FUNCOES GRATIFICADAS NA SECRETARIA MUNICIPAL DA FAZENDA (SMF) E DETERMINANDO PRAZO PARA REGULAMENTACAO DE ALTERACOES ESTRUTURAIS DECORRENTES DESTA LEI.";21/09/2016;ARQ - SETOR DE ARQUIVO;GOVERNO MUNICIPAL;APROVADO;;11936
2190;2014;PLL;207;INCLUI A EFEMERIDE SEMANA DO TAEKWONDO NO ANEXO DA LEI N. 10.904, DE 31 DE MAIO DE 2010 - CALENDARIO DE DATAS COMEMORATIVAS E DE CONSCIENTIZACAO DO MUNICIPIO DE PORTO ALEGRE -, E ALTERACOES POSTERIORES, REALIZADA NA SEMANA QUE INCLUIR O DIA 20 DE JULHO.;19/01/2016;ARQ - SETOR DE ARQUIVO;MARCIO BINS ELY;APROVADO;;11849
2170;2014;PR;32;CONCEDE O DIPLOMA HONRA AO MERITO AO SENHOR CIRO BORGES LOPES.;23/09/2015;ARQ - SETOR DE ARQUIVO;MESA DIRETORA;APROVADO;;2353
2166;2014;PLL;205;PROIBE O EXECUTIVO E O LEGISLATIVO MUNICIPAIS DE CELEBRAR OU PRORROGAR CONTRATO COM PESSOA JURIDICA, BEM COMO COM CONSORCIO DE PESSOAS JURIDICAS, QUE TENHA EFETUADO DOACAO EM DINHEIRO, OU BEM ESTIMAVEL EM DINHEIRO, PARA PARTIDO POLITICO OU CAMPANHA ELEITORAL DE CANDIDATO A CARGO ELETIVO, POR 4 (QUATRO) ANOS, CONTADOS DA DATA DE DOACAO.;18/01/2016;ARQ - SETOR DE ARQUIVO;MARCELO SGARBOSSA;APROVADO;;11925
2160;2014;PLL;203;DENOMINA PRACA SANTO ANTONIO DE CATEGERO O LOGRADOURO PUBLICO NAO CADASTRADO CONHECIDO COMO PRACA 7161 - LOTEAMENTO VILA NOVA RESTINGA -, LOCALIZADO NO BAIRRO RESTINGA.;06/04/2016;ARQ - SETOR DE ARQUIVO;JOAO CARLOS NEDEL;APROVADO;;11856
2152;2014;PLL;201;DENOMINA ALAMEDA DO BOQUEIRAO O LOGRADOURO PUBLICO CADASTRADO CONHECIDO COMO BECO DO BOQUEIRAO, LOCALIZADO NO BAIRRO BELEM VELHO.;19/01/2016;ARQ - SETOR DE ARQUIVO;JOAO CARLOS NEDEL;APROVADO;;11840
2060;2014;PLL;195;DENOMINA RUA MANOEL FERNANDES O LOGRADOURO PUBLICO CADASTRADO CONHECIDO COMO RUA 5107 - LOTEAMENTO PORTAL DO GUARUJA 2 -, LOCALIZADO NO BAIRRO GUARUJA.;14/01/2016;ARQ - SETOR DE ARQUIVO;JOAO CARLOS NEDEL;APROVADO;;11825
2051;2014;PLL;194;DENOMINA RUA HERCULANO CARNEIRO PINTO O LOGRADOURO PUBLICO CADASTRADO CONHECIDO COMO RUA 2727 - LOTEAMENTO JARDIM SABARA II -, LOCALIZADO NO BAIRRO JARDIM ITU SABARA.;14/01/2016;ARQ - SETOR DE ARQUIVO;JOAO CARLOS NEDEL;APROVADO;;11828
2048;2014;PLL;193;DENOMINA RUA ITO DE OLIVEIRA BRANDAO O LOGRADOURO PUBLICO CADASTRADO CONHECIDO COMO RUA 6043 -  LOTEAMENTO RESIDENCIAL BELVEDERE-, LOCALIZADO  NO BAIRRO LOMBA DO PINHEIRO.;14/01/2016;ARQ - SETOR DE ARQUIVO;JOAO CARLOS NEDEL;APROVADO;;11855
2047;2014;PLL;192;DENOMINA RUA JULIO CESAR DA SILVA PINTO O LOGRADOURO  NAO CADASTRADO CONHECIDO COMO BECO UM -  VILA JULIA -, LOCALIZADO NO BAIRRO BELEM NOVO.;14/01/2016;ARQ - SETOR DE ARQUIVO;JOAO CARLOS NEDEL;APROVADO;;11913
2046;2014;PLL;191;DENOMINA RUA CONEGO ALEIXO O LOGRADOURO PUBLICO CADASTRADO CONHECIDO COMO RUA 5105 - LOTEAMENTO PORTAL DO GUARUJA 2 -, LOCALIZADO NO BAIRRO GUARUJA.;11/07/2016;ARQ - SETOR DE ARQUIVO;JOAO CARLOS NEDEL;APROVADO;;11996
2041;2014;PLL;190;DENOMINA RUA MARIA APARECIDA O LOGRADOURO NAO CADASTRADO CONHECIDO COMO RUA I - CAMPO DA TUCA -, LOCALIZADO NO BAIRRO VILA JOAO PESSOA.;19/01/2016;ARQ - SETOR DE ARQUIVO;JOAO CARLOS NEDEL;APROVADO;;11826
2037;2014;PLL;189;DENOMINA PRACA SAO VICENTE DE PAULO O LOGRADOURO PUBLICO NAO CADASTRADO CONHECIDO COMO PRACA 3733, LOCALIZADO NO BAIRRO JARDIM ITU SABARA.;05/04/2016;ARQ - SETOR DE ARQUIVO;IDENIR CECCHIM;APROVADO;;11838
2027;2014;PLL;188;INCLUI A EFEMERIDE DIA DE PREVENCAO E COMBATE AO TRAFICO DE PESSOAS NO ANEXO DA LEI N. 10.904, DE 31 DE MAIO DE 2010 - CALENDARIO DE DATAS COMEMORATIVAS E DE CONSCIENTIZACAO DO MUNICIPIO DE PORTO ALEGRE -, E ALTERACOES POSTERIORES, NO DIA 30 DE JULHO.;04/05/2016;DL - DIRETORIA LEGISLATIVA;MARCELO SGARBOSSA;APROVADO;;11848
2020;2014;PLL;186;DENOMINA RUA OLINDA CASSIANO PEREIRA O LOGRADOURO NAO CADASTRADO CONHECIDO COMO RUA DOIS - CHACARA DA FUMACA I -, LOCALIZADO NO BAIRRO MARIO QUINTANA.;14/01/2016;ARQ - SETOR DE ARQUIVO;JOAO CARLOS NEDEL;APROVADO;;11914
1985;2014;PR;27;CONCEDE O DIPLOMA HONRA AO MERITO A EMPRESA AUXILIADORA PREDIAL LTDA.;02/07/2015;ARQ - SETOR DE ARQUIVO;BERNARDINO VENDRUSCOLO;APROVADO;;
1954;2014;PLL;181;CONCEDE O TITULO DE CIDADAO DE PORTO ALEGRE AO SENHOR ANTONIO JOSE DO NASCIMENTO FERREIRA.;14/01/2016;ARQ - SETOR DE ARQUIVO;SEFORA MOTA;APROVADO;;11853
1946;2014;PLL;180;INCLUI A EFEMERIDE DIA INTERNACIONAL DA PAZ NO ANEXO DA LEI N. 10.904, DE 31 DE MAIO DE 2010 - CALENDARIO DE DATAS COMEMORATIVAS E DE CONSCIENTIZACAO DO MUNICIPIO DE PORTO ALEGRE -, E ALTERACOES POSTERIORES, NO DIA 21 DE SETEMBRO.;17/08/2016;ARQ - SETOR DE ARQUIVO;BERNARDINO VENDRUSCOLO;APROVADO;;11873
1857;2014;PLL;173;OBRIGA OS ESTABELECIMENTOS QUE COMERCIALIZEM GENEROS ALIMENTICIOS E TENHAM MAIS DE 3 (TRES) CAIXAS REGISTRADORAS PARA ATENDIMENTO AOS CONSUMIDORES A ACOMODAR OS PRODUTOS RECOMENDADOS PARA PESSOAS COM DIABETES EM ESPACO RESERVADO E IDENTIFICADO DE FORMA DESTACADA.;17/08/2016;ARQ - SETOR DE ARQUIVO;DELEGADO CLEITON;APROVADO;;11949
1784;2014;PLL;165;OBRIGA AS UNIDADES HOSPITALARES, AS CLINICAS, OS AMBULATORIOS, OS CENTROS DE SAUDE E OS ESTABELECIMENTOS SIMILARES A COMUNICAR, FORMALMENTE, OS CASOS DE ATENDIMENTO A CRIANCA OU ADOLESCENTE COM SUSPEITA OU CONFIRMACAO DE USO DE BEBIDA ALCOOLICA OU SUBSTANCIA ENTORPECENTE AO CONSELHO TUTELAR QUE ABRANGER O BAIRRO NO QUAL RESIDAM E DA OUTRAS PROVIDENCIAS.;19/01/2016;ARQ - SETOR DE ARQUIVO;ELIZANDRO SABINO;APROVADO;;11963
1733;2014;PLL;162;DENOMINA PRACA CLAVIO MORAIS VARELA O LOGRADOURO  NAO CADASTRADO CONHECIDO COMO PRACA 1955 - LOTEAMENTO WENCESLAU FONTOURA -, LOCALIZADO NO BAIRRO MARIO QUINTANA.;29/06/2015;ARQ - SETOR DE ARQUIVO;JOAO CARLOS NEDEL;APROVADO;VETO TOTAL MANTIDO;
1721;2014;PLL;160;DENOMINA PRACA DA SAUDADE - DOUTOR MANUEL MAY PEREIRA O LOGRADOURO PUBLICO CADASTRADO DENOMINADO PRACA SAUDADE, LOCALIZADO NO BAIRRO AZENHA, E REVOGA O DECRETO-LEI N. 359, DE 13 DE JUNHO DE 1947.;19/01/2016;ARQ - SETOR DE ARQUIVO;MARCIO BINS ELY;APROVADO;;11891
1654;2014;PLL;152;DENOMINA RUA WLANIR PORTO O LOGRADOURO NAO CADASTRADO CONHECIDO COMO RUA B - VILA DO SARGENTO -, LOCALIZADO NO BAIRRO SERRARIA.;21/01/2016;ARQ - SETOR DE ARQUIVO;JOAO CARLOS NEDEL;APROVADO;;11822
1651;2014;PLL;151;ASSEGURA AOS TRAVESTIS E AOS TRANSEXUAIS, AO SEREM ATENDIDOS EM ESTABELECIMENTOS PRIVADOS, EM ORGAOS DA ADMINISTRACAO DIRETA E EM ENTIDADES DA ADMINISTRACAO INDIRETA DO MUNICIPIO DE PORTO ALEGRE, O DIREITO A UTILIZACAO DE SEU NOME SOCIAL CONSTANTE NA CARTEIRA DE NOME SOCIAL PARA TRAVESTIS E TRANSEXUAIS, INSTITUIDA PELO DECRETO ESTADUAL N. 49.122, DE 17 DE MAIO DE 2012, E DETERMINA QUE ESSES LOCAIS FACAM CONSTAR EM SEUS CADASTROS GERAIS O NOME SOCIAL UTILIZADO POR TRAVESTIS E TRANSEXUAIS.;26/07/2016;ARQ - SETOR DE ARQUIVO;PROFESSOR GARCIA;APROVADO;VETO PARCIAL REJEITADO;11874
1633;2014;PLE;25;INSTITUI O PLANO MUNICIPAL DE CULTURA (PMC) NO MUNICIPIO DE PORTO ALEGRE E DA OUTRAS PROVIDENCIAS.;25/07/2016;ARQ - SETOR DE ARQUIVO;GOVERNO MUNICIPAL;APROVADO;VETO PARCIAL MANTIDO;11911
1631;2014;PLCE;4;REVOGA OS ART.44, 45, 46, 47, 48, 49, 50, 51, 52, 53, 54, 55, 56 E 57 DA LEI COMPLEMENTAR N. 12, DE 7 DE JANEIRO DE 1975, QUE DISPOE SOBRE ELEVADORES.;13/09/2016;DL - DIRETORIA LEGISLATIVA;GOVERNO MUNICIPAL;APROVADO;;788
1591;2014;PLCL;24;INCLUI ARTS. 15-A E 15-B E REVOGA O PARAGRAFO UNICO DO ART. 15 NA LEI COMLEMENTAR N§ 628, DE 17 DE AGOSTO DE 2009, E ALTERACOES POSTERIORES, DETERMINANDO QUE ESCOLAS PUBLICAS MUNICIPAIS IMPLANTEM BANCO DE FOTOS DIGITAL DE SEUS ALUNOS E QUE SEJA DIVULGADA  FOTO DIGITAL DE CRIANCA OU ADOLESCENTE DESAPARECIDOS.;14/09/2016;DL - DIRETORIA LEGISLATIVA;ELIZANDRO SABINO;APROVADO;;791
1402;2014;PR;24;CONCEDE A COMENDA PORTO DO SOL A SENHORA RITA DE CASSIA BERNARDES CARVALHO.;14/12/2015;ARQ - SETOR DE ARQUIVO;DR. THIAGO DUARTE                                 ;APROVADO;;2356
1331;2014;PLL;128;INCLUI A EFEMERIDE DIA DO OBREIRO EVANGELICO NO ANEXO DA LEI N. 10.904, DE 31 DE MAIO DE 2010 - CALENDARIO DE DATAS COMEMORATIVAS E DE CONSCIENTIZACAO DO MUNICIPIO DE PORTO ALEGRE -, E ALTERACOES POSTERIORES, NO TERCEIRO DOMINGO DE AGOSTO.;19/01/2016;ARQ - SETOR DE ARQUIVO;WALDIR CANAL                                      ;APROVADO;;11893
1295;2014;PLL;124;INCLUI INC. XIV NO ART. 3. DA LEI N. 9.782, DE 6 DE JULHO DE 2005 - QUE CRIA A SECRETARIA MUNICIPAL DE ACESSIBILIDADE E INCLUSAO SOCIAL (SMACIS) NO AMBITO DA ADMINISTRACAO CENTRALIZADA DO MUNICIPIO DE PORTO ALEGRE, EXTINGUE O GABINETE DE ACESSIBILIDADE E INCLUSAO SOCIAL (GACIS), ALTERA O CAPUT DO ART. 1. DA LEI N. 9.723, DE 27 DE JANEIRO DE 2005, E DA OUTRAS PROVIDENCIAS -, ALTERADA PELA LEI N. 11.224, DE 22 DE FEVEREIRO DE 2012, AMPLIANDO O ROL DE FINALIDADES DESSA SECRETARIA.;21/01/2016;ARQ - SETOR DE ARQUIVO;PAULO BRUM;APROVADO;;11926
1281;2014;PLL;123;INCLUI AS EFEMERIDES DIA DE PREVENCAO AO CANCER COLORRETAL E SEMANA DE PREVENCAO AO CANCER COLORRETAL NO ANEXO DA LEI N. 10.904, DE 31 DE MAIO DE 2010 - CALENDARIO DE DATAS COMEMORATIVAS E DE CONSCIENTIZACAO DO MUNICIPIO DE PORTO ALEGRE -, E ALTERACOES POSTERIORES, NO DIA 28 DE MAIO E NA SEMANA QUE INCLUIR ESSE DIA, RESPECTIVAMENTE.;19/01/2016;ARQ - SETOR DE ARQUIVO;IDENIR CECCHIM;APROVADO;;11841
1221;2014;PLCL;13;INCLUI INCS. V, VI E VII NO PARAGRAFO 1. DO ART. 1. DA LEI COMPLEMENTAR N. 618, DE 10 DE JUNHO DE 2009, ALTERADA PELA LEI COMPLEMENTAR N. 675, DE 22 DE JUNHO DE 2011, INCLUINDO AS QUADRAS ESPORTIVAS, AS ACADEMIAS DE SAUDE E AS PISTAS DE CORRIDA NO ROL DE EQUIPAMENTOS PUBLICOS E DE VERDES COMPLEMENTARES PASSIVEIS DE SEREM ADOTADOS.;24/03/2015;ARQ - SETOR DE ARQUIVO;JOAO DERLY;APROVADO;VETO TOTAL MANTIDO;
1141;2014;PLL;111;DENOMINA RUA ADO MALAGOLI O LOGRADOURO PUBLICO NAO CADASTRADO CONHECIDO COMO RUA A - CHACARA DAS PERAS - , LOCALIZADO NO BAIRRO LOMBA DO PINHEIRO.;05/04/2016;ARQ - SETOR DE ARQUIVO;ALCEU BRASINHA;APROVADO;;11946
1113;2014;PLL;110;OBRIGA A PRESENCA DE GUIA DE TURISMO EM EXCURSOES DE TURISMO QUE SE ORIGINEM NO MUNICIPIO DE PORTO ALEGRE OU QUE A ESSE SE DESTINEM, BEM COMO EM PASSEIOS TURISTICOS REALIZADOS EM SEU AMBITO, E DA OUTRAS PROVIDENCIAS.;20/01/2016;ARQ - SETOR DE ARQUIVO;BERNARDINO VENDRUSCOLO;APROVADO;VETO TOTAL MANTIDO;
1103;2014;PLL;108;ASSEGURA AS PESSOAS COM DEFICIENCIA O ATENDIMENTO, BEM COMO A DEVIDA ACESSIBILIDADE, EM CENTRO DE SAUDE, UNIDADE BASICA DE SAUDE OU UNIDADE DE SAUDE DA FAMILIA MAIS PROXIMOS DE SUA RESIDENCIA.;17/08/2016;ARQ - SETOR DE ARQUIVO;PAULO BRUM;APROVADO;;11980
1091;2014;PLL;104;DECLARA DE UTILIDADE PUBLICA A LIGA DE AMADORES BRASILEIROS DE RADIO EMISSAO - LABRE-RS.;19/01/2016;ARQ - SETOR DE ARQUIVO;PEDRO RUAS E FERNANDA MELCHIONNA;APROVADO;;11817
1012;2014;PLCL;11;INCLUI PARAGRAFO 4. NO ART. 44 DA LEI COMPLEMENTAR N. 728, DE 8 DE JANEIRO DE 2014 - CODIGO MUNICIPAL DE LIMPEZA URBANA -, EXCETUANDO DO ROL DE ATOS LESIVOS A LIMPEZA URBANA A UTILIZACAO DE ITENS DE OFERENDA CONHECIDOS COMO EBOS EM CULTOS E LITURGIAS DE RELIGIOES DE MATRIZ AFRICANA E DA UMBANDA.;25/07/2016;ARQ - SETOR DE ARQUIVO;DELEGADO CLEITON;APROVADO;VETO TOTAL REJEITADO;769
942;2014;PLCL;9;ESTABELECE NORMAS PARA A IMPLANTACAO DE HELIPONTOS NO MUNICIPIO DE PORTO ALEGRE..;17/08/2016;ARQ - SETOR DE ARQUIVO;JOAO CARLOS NEDEL;APROVADO;;770
857;2014;PLE;16;DECLARA DE UTILIDADE PUBLICA A ENTIDADE INSTITUTO PRO-SAUDE (IPS).;19/01/2016;ARQ - SETOR DE ARQUIVO;GOVERNO MUNICIPAL;APROVADO;;11876
829;2014;PR;12;CONCEDE A COMENDA PORTO DO SOL AO SINDICATO DOS EMPREGADOS NO COMERCIO DE PORTO ALEGRE.;19/01/2016;ARQ - SETOR DE ARQUIVO;CLAUDIO JANTA;APROVADO;;2370
828;2014;PLL;82;INCLUI A EFEMERIDE DIA MUNICIPAL DE CONSCIENTIZACAO SOBRE O AUTISMO NO ANEXO DA LEI N. 10.904, DE 31 DE MAIO DE 2010 - CALENDARIO DE DATAS COMEMORATIVAS E DE CONSCIENTIZACAO DO MUNICIPIO DE PORTO ALEGRE  -, E ALTERACOES POSTERIORES, NO DIA 2 DE ABRIL.;21/01/2016;ARQ - SETOR DE ARQUIVO;PAULO BRUM;APROVADO;;11830
800;2014;PLL;80;DENOMINA RUA NORMELIO JACOB MAZZO O LOGRADOURO NAO CADASTRADO CONHECIDO COMO BECO 1 - AVENIDA BELEM VELHO -,  LOCALIZADO NO BAIRRO VILA NOVA.;18/01/2016;ARQ - SETOR DE ARQUIVO;ENGENHEIRO COMASSETTO                             ;APROVADO;;11909
786;2014;PLL;76;DECLARA DE UTILIDADE PUBLICA A SOCIEDADE ITALIANA DO RIO GRANDE DO SUL - SIRGS.;19/01/2016;ARQ - SETOR DE ARQUIVO;MARCIO BINS ELY;APROVADO;;11884
778;2014;PLL;75;CRIA 2 (DOIS) CARGOS DE ELETROTECNICO, CODIGO 1.3.1.8A.10, E 2 (DOIS) CARGOS DE ENGENHEIRO CIVIL, CODIGO 1.4.1.11.13, NO QUADRO DE CARGOS EFETIVOS, CONSTANTE DO ART. 9 DA LEI N. 5.811, DE 8 DE DEZEMBRO DE 1986 - QUE ESTABELECE O SISTEMA DE CLASSIFICACAO DE CARGOS E FUNCOES DA CAMARA MUNICIPAL DE PORTO ALEGRE E DA OUTRAS PROVIDENCIAS -, E ALTERACOES POSTERIORES, EXCLUI 1 (UM) CARGO EFETIVO DE ELETROTECNICO, CODIGO 1.3.1.8A.10 DE NIVEL MEDIO, DO ART. 1 DA RESOLUCAO N. 2.109, DE 2 DE JULHO DE 2008, ALTERADA PELA LEI N. 10.710, DE 2 DE JULHO DE 2009, E DA OUTRAS PROVIDENCIAS.;17/05/2016;ARQ - SETOR DE ARQUIVO;MESA DIRETORA;APROVADO;;11869
720;2014;PLL;70;INSTITUI O PROGRAMA BANCO DO LIVRO NO MUNICIPIO DE PORTO ALEGRE..;25/07/2016;ARQ - SETOR DE ARQUIVO;MARCIO BINS ELY;APROVADO;VETO TOTAL REJEITADO;11819
711;2014;PR;31;CONCEDE O TROFEU CAMARA MUNICIPAL DE PORTO ALEGRE A LUIZ FELIPE SCOLARI.;19/01/2016;ARQ - SETOR DE ARQUIVO;EDI WILSON DINHO;APROVADO;;2360
702;2014;PLL;68;CONCEDE O TITULO DE CIDADAO DE PORTO ALEGRE AO SENHOR VALTER DURO GARCIA.;04/11/2015;ARQ - SETOR DE ARQUIVO;AIRTO FERRONATO;APROVADO;;11887
641;2014;PLL;61;DENOMINA RUA JOAO CARLOS COSTA DA SILVA O LOGRADOURO NAO CADASTRADO CONHECIDO COMO RUA SETE - ESTRADA OTAVIANO JOSE PINTO -, LOCALIZADO NO BAIRRO LAMI.;07/04/2016;ARQ - SETOR DE ARQUIVO;DR. THIAGO DUARTE                                 ;APROVADO;;11821
633;2014;PLL;59;INCLUI INC. V NO CAPUT DO ART. 4. DA LEI N. 10.474, DE 23 DE JUNHO DE 2008, ALTERADA PELA LEI N. 10.722, DE 8 DE JULHO DE 2009, DETERMINANDO QUE, EM SUA UTILIZACAO, AS CACAMBAS ESTACIONARIAS  CONTENHAM ADESIVO INFORMATIVO DAS DATAS DE SUA COLOCACAO E PREVISAO DE SUA RETIRADA DA VIA PUBLICA MUNICIPAL, BEM COMO DO TIPO DE ENTULHO A QUE SE DESTINA A COLETA..;18/01/2016;ARQ - SETOR DE ARQUIVO;MARCIO BINS ELY;APROVADO;;11957
618;2014;PLL;55;INCLUI A EFEMERIDE SEMANA MUNICIPAL DO BAIRRO SARANDI NO ANEXO DA LEI N. 10.904, DE 31 DE MAIO DE 2010 - CALENDARIO DE DATAS COMEMORATIVAS E DE CONSCIENTIZACAO DO MUNICIPIO DE PORTO ALEGRE -, E ALTERACOES POSTERIORES, A SER REALIZADA DE 1. A 7 DE DEZEMBRO.;18/01/2016;ARQ - SETOR DE ARQUIVO;WALDIR CANAL                                      ;APROVADO;;11866
617;2014;PLL;54;INCLUI A EFEMERIDE SEMANA MUNICIPAL DO BAIRRO HUMAITA NO ANEXO DA LEI N. 10.904, DE 31 DE MAIO DE 2010 - CALENDARIO DE DATAS COMEMORATIVAS E DE CONSCIENTIZACAO DO MUNICIPIO DE PORTO ALEGRE -, E ALTERACOES POSTERIORES, A SER REALIZADA DE 11 A 17 DE NOVEMBRO.;14/04/2016;ARQ - SETOR DE ARQUIVO;WALDIR CANAL                                      ;APROVADO;VETO TOTAL REJEITADO;11809
612;2014;PR;10;CONCEDE O DIPLOMA HONRA AO MERITO A FEDERACAO GAUCHA DE TENIS.;18/01/2016;ARQ - SETOR DE ARQUIVO;VALTER NAGELSTEIN                                 ;APROVADO;;2355
490;2014;PLL;40;CONCEDE O TITULO DE CIDADAO EMERITO DE PORTO ALEGRE AO SENHOR PAULO CESAR FONSECA DO NASCIMENTO - TINGA.;27/04/2016;DA - DIRETORIA ADMINISTRATIVA;VALTER NAGELSTEIN                                 ;APROVADO;;11803
409;2014;PLCE;2;INCLUI INC. XVII AO ART. 10 DA LEI COMPLEMENTAR N. 563, DE 30 DE JANEIRO DE 2007 - QUE ORGANIZA, NO AMBITO DA ADMINISTRACAO CENTRALIZADA DA PREFEITURA MUNICIPAL DE PORTO ALEGRE, O SISTEMA MUNICIPAL DE PROTECAO E DEFESA DOS DIREITOS DO CONSUMIDOR (SMDC), INSTITUI O SERVICO DE PROTECAO E DEFESA DOS DIREITOS DO CONSUMIDOR (PROCON/PMPA), O CONSELHO MUNICIPAL DE PROTECAO E DEFESA DOS DIREITOS DO CONSUMIDOR (CONDECON) E O FUNDO MUNICIPAL DOS DIREITOS DIFUSOS (FMDD), REVOGA AS LEIS N. 7.168, DE 27 DE OUTUBRO DE 1992, E 7.481, DE 2 DE SETEMBRO DE 1994, E A LEI COMPLEMENTAR N. 360, DE 6 DE DEZEMBRO DE 1995 -, E DA OUTRAS PROVIDENCIAS.;18/01/2016;ARQ - SETOR DE ARQUIVO;GOVERNO MUNICIPAL;APROVADO;;772
367;2014;PLL;24;INCLUI  O EVENTO FESTA DO RIDICULO NO ANEXO II DA LEI N. 10.903, DE 31 DE MAIO DE 2010 - CALENDARIO DE EVENTOS DE PORTO ALEGRE E CALENDARIO MENSAL DE ATIVIDADES DE PORTO ALEGRE -, E ALTERACOES POSTERIORES, REALIZADO NA PRIMEIRA QUINZENA DE NOVEMBRO.;14/01/2016;ARQ - SETOR DE ARQUIVO;MARCIO BINS ELY;APROVADO;;11802
288;2014;PLL;18;DISPOE SOBRE A VENDA E O CONSUMO DE BEBIDAS ALCOOLICAS EM ARENAS E ESTADIOS ESPORTIVOS.;06/09/2016;ARQ - SETOR DE ARQUIVO;ALCEU BRASINHA;APROVADO;VETO TOTAL MANTIDO;
279;2014;PLE;6;"DISPOE SOBRE A CRIACAO, EXTINCAO, DELIMITACAO E DENOMINACAO DE BAIRROS DO MUNICIPIO DE PORTO ALEGRE E REVOGA AS LEIS N. 1.762, DE 23 DE JULHO DE 1957; 2.022, DE 7 DE DEZEMBRO DE 1959; 2.681, DE 21 DE DEZEMBRO DE 1963; 2.688, DE 25 DE DEZEMBRO DE 1963; 3.159, DE 9 DE JULHO DE 1968; 3.193-A, DE 29 DE OUTUBRO DE 1968; 3.671, DE 19 DE JULHO DE 1972; 4.166, DE 21 DE SETEMBRO DE 1976; 4.249, DE 27 DE DEZEMBRO DE 1976; 4.685, DE 21 DE DEZEMBRO DE 1979; 4.686, DE 21 DE DEZEMBRO DE 1979; 4.876 DE 24 DE DEZEMBRO DE 1980; 5.799, DE 19 DE NOVEMBRO DE 1986; 6.218, DE 17 DE OUTUBRO DE 1988; 6.571, DE 8 DE JANEIRO DE 1990; 6.572, DE 8 DE JANEIRO DE 1990; 6.594, DE 31 DE JANEIRO DE 1990; 6.704, DE 19 DE NOVEMBRO DE 1990; 6.720, DE 21 DE NOVEMBRO DE 1990, 6.893, DE 12 DE SETEMBRO DE 1991; 6.911, DE 17 DE OUTUBRO DE 1991.";23/08/2016;AGUAR - AGUARDANDO NO SETOR DE ARQUIVO;GOVERNO MUNICIPAL;APROVADO;;12112
251;2014;PLL;15;OBRIGA AS EMPRESAS CONCESSIONARIAS DO SERVICO DE TRANSPORTE COLETIVO POR ONIBUS NO MUNICIPIO DE PORTO ALEGRE, PUBLICAS OU PRIVADAS, A MANTER EM FUNCIONAMENTO OS CONDICIONADORES DE AR DOS VEICULOS QUE POSSUAM, ALTERA A AL. I DO CAPUT DO ART. 10 DA LEI N. 2.758, DE 4 DE DEZEMBRO DE 1964, E ALTERACOES POSTERIORES, INCLUINDO CONDICIONADORES DE AR NO ROL DE CARACTERISTICAS MINIMAS PARA INCLUSAO DE VEICULOS NA FROTA DE PRESTACAO DESSE SERVICO, E DA OUTRAS PROVIDENCIAS.;26/07/2016;ARQ - SETOR DE ARQUIVO;PAULINHO MOTORISTA;APROVADO;VETO TOTAL REJEITADO;11806
217;2014;PLL;12;PROIBE A UTILIZACAO DE ANIMAIS PARA DESENVOLVIMENTO, EXPERIMENTOS E TESTES DE PRODUTOS COSMETICOS, DE HIGIENE PESSOAL, PERFUMES, E SEUS COMPONENTES, NO MUNICIPIO DE PORTO ALEGRE E DA OUTRAS PROVIDENCIAS.;14/01/2016;ARQ - SETOR DE ARQUIVO;MARCELO SGARBOSSA;APROVADO;;11955
143;2014;PLE;1;DECLARA DE UTILIDADE PUBLICA A ASSOCIACAO DOS AMIGOS DO ARQUIVO PUBLICO DO ESTADO DO RIO GRANDE DO SUL.;06/04/2016;ARQ - SETOR DE ARQUIVO;GOVERNO MUNICIPAL;APROVADO;;11804
102;2014;PLL;3;INCLUI O EVENTO QUIMBANDEIROS E AMIGOS DE EXU MARE NO ANEXO II DA LEI N. 10.903, DE 31 DE MAIO DE 2010 - QUE INSTITUI O CALENDARIO DE EVENTOS DE PORTO ALEGRE E O CALENDARIO MENSAL DE ATIVIDADES DE PORTO ALEGRE, DISPOE SOBRE A GESTAO DESSES CALENDARIOS E REVOGA LEGISLACAO SOBRE O TEMA-, E ALTERACOES POSTERIORES, NOS DIAS 24, 25 E 26 DE OUTUBRO.;21/01/2016;ARQ - SETOR DE ARQUIVO;CLAUDIO JANTA;APROVADO;;11831
3564;2013;PLL;404;INCLUI A EFEMERIDE DIA DE CONSCIENTIZACAO SOBRE A FIBROMIALGIA NO CALENDARIO DE DATAS COMEMORATIVAS E DE CONSCIENTIZACAO DO MUNICIPIO DE PORTO ALEGRE - LEI N. 10.904, DE 31 DE MAIO DE 2010, E ALTERACOES POSTERIORES -, NO DIA 12 DE MAIO.;21/01/2016;ARQ - SETOR DE ARQUIVO;DR. THIAGO DUARTE                                 ;APROVADO;;11801
3499;2013;PLL;392;CONCEDE O TITULO DE CIDADAO EMERITO DE PORTO ALEGRE AO SENHOR EDISON ARTUR DA SILVA FEIJO.;21/01/2016;ARQ - SETOR DE ARQUIVO;CLAUDIO JANTA;APROVADO;;11836
3409;2013;PLL;381;OBRIGA A IDENTIFICACAO VISUAL DO NOME, DO SOBRENOME, DO TIPO SANGUINEO E DO NUMERO DE MATRICULA NOS UNIFORMES DOS SERVIDORES PUBLICOS DETENTORES DE CARGO DE PROVIMENTO EFETIVO DE GUARDA MUNICIPAL.;09/09/2015;ARQ - SETOR DE ARQUIVO;MARCELO SGARBOSSA;APROVADO;VETO TOTAL MANTIDO;
3301;2013;PLL;365;DECLARA FERIADO MUNICIPAL O DIA 20 DE NOVEMBRO - DIA DA CONSCIENCIA NEGRA -, A SER COMEMORADO ANUALMENTE.;11/11/2015;ARQ - SETOR DE ARQUIVO;DELEGADO CLEITON;APROVADO;VETO TOTAL MANTIDO;
3286;2013;PLL;362;INCLUI O  ESPETACULO DE FINAL DE ANO DO NUCLEO COMUNITARIO E CULTURAL DE BELEM NOVO NO ANEXO II DA LEI N. 10.903, DE 31 DE MAIO DE 2010 - QUE INSTITUI O CALENDARIO DE EVENTOS DE PORTO ALEGRE E O CALENDARIO MENSAL DE ATIVIDADES DE PORTO ALEGRE, DISPOE SOBRE A GESTAO DESSES CALENDARIOS E REVOGA LEGISLACAO SOBRE O TEMA -,  E ALTERACOES POSTERIORES, A SER REALIZADO ENTRE OS DIAS 10 E 20 DE DEZEMBRO.;21/01/2016;ARQ - SETOR DE ARQUIVO;DR. THIAGO DUARTE                                 ;APROVADO;;11810
3242;2013;PLL;359;ESTABELECE A COLOCACAO DOS DIZERES PRODUTO TESTADO EM ANIMAIS NOS ROTULOS E NO MATERIAL PUBLICITARIO DE PRODUTOS COSMETICOS OU DE HIGIENE PESSOAL COMERCIALIZADOS OU ROTULADOS NO MUNICIPIO DE PORTO ALEGRE PARA OS QUAIS TENHAM SIDO UTILIZADOS ANIMAIS EM TESTES OU PESQUISAS DURANTE SEU DESENVOLVIMENTO E DA OUTRAS PROVIDENCIAS.;24/03/2015;ARQ - SETOR DE ARQUIVO;LOURDES SPRENGER;APROVADO;VETO TOTAL MANTIDO;
3185;2013;PLCE;15;"EXTINGUE A SUBUNIDADE 10 DA UNIDADE DE ESTRUTURACAO URBANA (UEU) 10 DA MZ 07, DEFINIDA COMO AEIS I; ALTERA OS LIMITES, OS REGIMES URBANISTICOS E AS SUBUNIDADES 01 E 05 DA UEU 10 DA MACROZONA (MZ) 7, REVOGANDO A LEI COMPLEMENTAR N. 621, DE 23 DE JUNHO DE 2009.";18/12/2015;SPA - AGUARDANDO NA SECAO DE PROTOC E ARQUIVO;GOVERNO MUNICIPAL;APROVADO;;778
2932;2013;PLCL;37;INCLUI PARAGRAFO 4. NO ART. 8. DA LEI COMPLEMENTAR N. 320, DE 2 DE MAIO DE 2004 -  QUE DISPOE SOBRE DENOMINACAO DE LOGRADOUROS PUBLICOS E DA OUTRAS PROVIDENCIAS -, E ALTERACOES POSTERIORES, PERMITINDO QUE AS PLACAS DENOMINATIVAS DE LOGRADOUROS CUJAS DENOMINACOES FOREM CONSAGRADAS PELO USO QUE FOREM OBJETO DE ALTERACAO POSSAM CONTER A DENOMINACAO ANTERIOR, LOGO ABAIXO DA NOVA.;19/01/2016;ARQ - SETOR DE ARQUIVO;GUILHERME SOCIAS VILLELA;APROVADO;;761
2899;2013;PR;43;CONCEDE O DIPLOMA HONRA AO MERITO A INSTITUICAO ADVENTISTA SUL-RIO-GRANDENSE DE EDUCACAO - COLEGIO ADVENTISTA DE PORTO ALEGRE.;04/12/2015;ARQ - SETOR DE ARQUIVO;LUIZA NEVES;APROVADO;;2354
2822;2013;PLE;36;DECLARA DE UTILIDADE PUBLICA O CONSELHO GERAL DE CLUBE DE MAES.;19/01/2016;ARQ - SETOR DE ARQUIVO;GOVERNO MUNICIPAL;APROVADO;;11833
2803;2013;PLL;311;RENOMEIA O PARAGRAFO UNICO PARA PARAGRAFO 1. E INCLUI  PARAGRAFO 2. NO ART. 3. DA LEI N. 10.165, DE 23 DE JANEIRO DE 2007 - QUE DETERMINA A AFIXACAO DE PLACAS DENOMINATIVAS DE LOGRADOUROS PUBLICOS PELO PODER EXECUTIVO MUNICIPAL OU, AINDA, POR TERCEIROS CONTRATADOS MEDIANTE LICITACAO, DISPOE SOBRE SUA MANUTENCAO E, NO CASO DE CONTRATACAO DE TERCEIROS, ASSEGURA-LHES A EXPLORACAO COMERCIAL DOS POSTES TOPONIMICOS -, FACULTANDO AO EXECUTIVO MUNICIPAL A IDENTIFICACAO DE PLACAS DENOMINATIVAS DE LOGRADOUROS DENOMINADOS POR MEIOS LEGAIS OU DE COSTUME, MANTENDO LOGO A BAIXO O NOME ORIGINAL.;26/07/2016;ARQ - SETOR DE ARQUIVO;GUILHERME SOCIAS VILLELA;APROVADO;;11997
2686;2013;PLCE;13;"DISPOE SOBRE OS PROCEDIMENTOS PARA SUPRESSAO, TRANSPLANTE OU PODA DE ESPECIMES VEGETAIS NO MUNICIPIO DE PORTO ALEGRE, E REVOGA OS DECRETOS N. 10.237, DE 11 DE MARCO DE 1992; 10.258, DE 3 DE ABRIL DE 1992; 15.418, DE 20 DE DEZEMBRO DE 2006; 17.232, DE 26 DE AGOSTO DE 2011; 18.083, DE 21 DE NOVEMBRO DE 2012; E 18.305, DE 28 DE MAIO DE 2013.";18/01/2016;ARQ - SETOR DE ARQUIVO;GOVERNO MUNICIPAL;APROVADO;VETO PARCIAL MANTIDO;757
2510;2013;PLL;285;OBRIGA RESTAURANTES, BARES, LANCHONETES, CONFEITARIAS E CONGENERES A INFORMAREM AOS CONSUMIDORES SOBRE A PRESENCA DE GLUTEN NOS ALIMENTOS QUE COMERCIALIZAM E ASSEGURA O REPASSE MENSAL DE CESTA BASICA COMPOSTA SOMENTE DE PRODUTOS ISENTOS DE GLUTEN AS PESSOAS COM DOENCA CELIACA E O FORNECIMENTO DE MERENDA ESCOLAR ADEQUADA AOS ALUNOS DA REDE MUNICIPAL DE ENSINO COM ESSA DOENCA.;18/04/2016;ARQ - SETOR DE ARQUIVO;DR. THIAGO DUARTE                                 ;APROVADO;VETO TOTAL (PARTE MANTIDO\PARTE REJEITADO);11808
2492;2013;PLL;282;INCLUI A EFEMERIDE DIA DO PARADESPORTO NO CALENDARIO DE DATAS COMEMORATIVAS E DE CONSCIENTIZACAO DO  MUNICIPIO DE PORTO ALEGRE - LEI N. 10.904, DE 31 DE MAIO DE 2010, E ALTERACOES POSTERIORES -, NO DIA 22 DE SETEMBRO.;19/01/2016;ARQ - SETOR DE ARQUIVO;SEFORA MOTA;APROVADO;;11837
2425;2013;PLE;27;AUTORIZA O TRANSPORTE DE ANIMAIS DOMESTICOS DE PEQUENO E MEDIO PORTE, ACOMPANHADOS POR SEUS RESPONSAVEIS, NOS MEIOS INTEGRANTES DO SISTEMA DE TRANSPORTE COLETIVO, SELETIVO OU INDIVIDUAL DO MUNICIPIO DE PORTO ALEGRE.;14/01/2016;ARQ - SETOR DE ARQUIVO;GOVERNO MUNICIPAL;APROVADO;;11843
2241;2013;PLL;258;DECLARA DE UTILIDADE PUBLICA O NUCLEO COMUNITARIO E CULTURAL DE BELEM NOVO.;01/12/2015;ARQ - SETOR DE ARQUIVO;DR. THIAGO DUARTE                                 ;APROVADO;;11816
2208;2013;PLE;24;DECLARA DE UTILIDADE PUBLICA A ASSOCIACAO DE PAIS E AMIGOS DA CRECHE COMUNITARIA MAEZINHA DO CEU.;01/12/2015;ARQ - SETOR DE ARQUIVO;GOVERNO MUNICIPAL;APROVADO;;11832
2206;2013;PLE;22;DECLARA DE UTILIDADE PUBLICA A ASSOCIACAO DO MINISTERIO PUBLICO DO RIO GRANDE DO SUL.;02/07/2015;ARQ - SETOR DE ARQUIVO;GOVERNO MUNICIPAL;APROVADO;;11805
2184;2013;PLCL;27;ALTERA O CAPUT DO ART. 23, INCLUI ARTS. 23-A E 23-B E REVOGA O PARAGRAFO 1. DO ART. 22, OS INCS. I A IV E O PARAGRAFO UNICO DO ART. 23 E OS ARTS. 24, 25 E 26 DA LEI COMPLEMENTAR N. 694, DE 21 DE MAIO DE 2012 - QUE CONSOLIDA A LEGISLACAO SOBRE CRIACAO, COMERCIO, EXIBICAO, CIRCULACAO E POLITICAS DE PROTECAO DE ANIMAIS NO MUNICIPIO DE PORTO ALEGRE E REVOGA LEGISLACAO SOBRE O TEMA -, PROIBINDO A COMERCIALIZACAO DE ANIMAIS DE QUALQUER ESPECIE EM ESTABELECIMENTOS COMERCIAIS.;21/01/2016;ARQ - SETOR DE ARQUIVO;LOURDES SPRENGER;APROVADO;VETO PARCIAL MANTIDO;776
2145;2013;PLL;249;OBRIGA O MUNICIPIO DE PORTO ALEGRE A FORNECER GRATUITAMENTE FRALDAS DESCARTAVEIS PARA PESSOAS COM DEFICIENCIA E PARA IDOSOS QUE NECESSITEM USA-LAS E NAO POSSUAM RECURSOS PARA ADQUIRI-LAS.;30/03/2015;ARQ - SETOR DE ARQUIVO;PAULO BRUM;APROVADO;VETO TOTAL MANTIDO;
2006;2013;PLL;223;CRIA O PROGRAMA CENSO-INCLUSAO E CADASTRO-INCLUSAO PARA A IDENTIFICACAO, O MAPEAMENTO E O CADASTRAMENTO DO PERFIL SOCIOECONOMICO DAS PESSOAS COM DEFICIENCIA OU MOBILIDADE REDUZIDA, NO AMBITO DO MUNICIPIO DE PORTO ALEGRE.;29/06/2015;ARQ - SETOR DE ARQUIVO;PAULO BRUM;APROVADO;VETO TOTAL MANTIDO;
1999;2013;PLL;219;PROIBE A PRATICA DE TROTES DE CARATER VIOLENTO OU CONSTRANGEDOR NA RECEPCAO DE NOVOS ALUNOS EM INSTITUICOES DE ENSINO SUPERIOR COM UNIDADES EDUCACIONAIS NO MUNICIPIO DE PORTO ALEGRE.;21/01/2016;ARQ - SETOR DE ARQUIVO;MAURO PINHEIRO;APROVADO;;11820
1931;2013;PLL;209;PROIBE A INTERRUPCAO DO FORNECIMENTO DE ENERGIA ELETRICA NOS CASOS QUE ESPECIFICA.;30/03/2015;ARQ - SETOR DE ARQUIVO;PAULINHO MOTORISTA;APROVADO;VETO TOTAL MANTIDO;
1685;2013;PLL;170;CONVOCA CONSULTA A POPULACAO, MEDIANTE PLEBISCITO, A RESPEITO DO CERCAMENTO DO PARQUE FARROUPILHA.;19/01/2016;ARQ - SETOR DE ARQUIVO;NEREU D'AVILA;APROVADO;;11845
1376;2013;PR;11;CONCEDE O DIPLOMA HONRA AO MERITO A ESCOLA DE SAMBA ACADEMICOS DA ORGIA.;02/07/2015;ARQ - SETOR DE ARQUIVO;MARIO FRAGA;APROVADO;;
1301;2013;PLCL;9;ALTERA O CAPUT, RENOMEIA O PARAGRAFO UNICO  PARA PARAGRAFO 1. E INCLUI PARAGRAFO 2. NO ART. 91-A DA LEI COMPLEMENTAR N. 12, DE 7 DE JANEIRO DE 1975 - QUE INSTITUI POSTURAS PARA O MUNICIPIO DE PORTO ALEGRE E DA OUTRAS PROVIDENCIAS -, E ALTERACOES POSTERIORES, DEFININDO A SANCAO DE REPARACAO DE DANO A QUE ESTA SUJEITA A PESSOA QUE PICHAR OU CONSPURCAR EDIFICACAO OU MONUMENTO, PUBLICOS OU PARTICULARES.;21/01/2016;ARQ - SETOR DE ARQUIVO;MONICA LEAL;APROVADO;;771
778;2013;PLL;51;DISPOE SOBRE O TOMBAMENTO DO IMOVEL LOCALIZADO NA AV.CARLOS BARBOSA, N.1525 , ANTIGA SEDE DO GREMIO GAUCHO,E DA OUTRAS PROVIDENCIAS,;24/03/2015;ARQ - SETOR DE ARQUIVO;BERNARDINO VENDRUSCOLO;APROVADO;VETO TOTAL MANTIDO;
727;2013;PLL;48;OBRIGA A EXIBICAO DE VIDEOS EDUCATIVOS COM CONTEUDO ANTIDROGAS EM ABERTURAS DE EVENTOS CULTURAIS COM GRANDE PUBLICO NO MUNICIPIO DE PORTO ALEGRE.;29/06/2015;ARQ - SETOR DE ARQUIVO;ELIZANDRO SABINO;APROVADO;VETO TOTAL MANTIDO;
615;2013;PLCL;2;ALTERA O INC. I DO CAPUT DO ART. 82 DA LEI COMPLEMENTAR N. 7, DE 7 DE DEZEMBRO DE 1973 - QUE INSTITUI E DISCIPLINA OS TRIBUTOS DE COMPETENCIA DO MUNICIPIO -, E ALTERACOES POSTERIORES, ESTENDENDO ATE O 6. (SEXTO) DIA UTIL DE JANEIRO DO ANO DA COMPETENCIA O PRAZO PARA O PAGAMENTO DE IMPOSTOS E TAXA COM REDUCAO DE 20% (VINTE POR CENTO).;19/01/2016;ARQ - SETOR DE ARQUIVO;BERNARDINO VENDRUSCOLO;APROVADO;;763
2189;2012;PLL;165;INCLUI SECAO I, COM OS ARTS. 30 A 37, E SECAO II, COM ARTS. 37-A, 37-B E 37-C, NO CAPITULO VI-A DA LEI N. 8.279, DE 20 DE JANEIRO DE 1999, E ALTERACOES POSTERIORES, DISPONDO SOBRE A COLOCACAO DE VEICULOS DE DIVULGACAO EM EDIFICACOES DESTINADAS AS ATIVIDADES CONSTANTES DO ANEXO 5.3 DA LEI COMPLEMENTAR N. 434, DE 1. DE DEZEMBRO DE 1999 - PLANO DIRETOR DE DESENVOLVIMENTO URBANO AMBIENTAL (PDDUA) -, E ALTERACOES POSTERIORES, E DANDO OUTRAS PROVIDENCIAS.;29/09/2015;ARQ - SETOR DE ARQUIVO;ENGENHEIRO COMASSETTO                             ;APROVADO;VETO TOTAL MANTIDO;
1320;2012;PR;32;CONCEDE O DIPLOMA HONRA AO MERITO AO SENHOR ROMEU CARLOS HAETINGER.;11/04/2016;ARQ - SETOR DE ARQUIVO;MAURO PINHEIRO;APROVADO;;2384
1116;2012;PLL;81;ASSEGURA A REALIZACAO GRATUITA DE TESTES VOCACIONAIS A TODOS OS  ALUNOS MATRICULADOS NO ULTIMO ANO DO  ENSINO MEDIO DA REDE PUBLICA MUNICIPAL DE ENSINO.;19/05/2015;ARQ - SETOR DE ARQUIVO;MARCIO BINS ELY;APROVADO;VETO TOTAL MANTIDO;
3714;2011;PLL;196;INSTITUI O PROGRAMA DE SAUDE DO HOMEM (PSH) NO AMBITO DO MUNICIPIO DE PORTO ALEGRE.;25/07/2016;ARQ - SETOR DE ARQUIVO;DR. THIAGO DUARTE                                 ;APROVADO;;11992
3267;2011;PLL;158;INSTITUI MONUMENTO  COM MEMORIAL EM HOMENAGEM AS VITIMAS DE ACIDENTES OCORRIDOS COM MOTOCICLETAS NO ESTADO DO RIO GRANDE DO SUL.;21/01/2016;ARQ - SETOR DE ARQUIVO;ADELI SELL;APROVADO;;11921
1371;2011;PLL;38;INSTITUI O PROGRAMA ZELADORIA COMUNITARIA E DA OUTRAS PROVIDENCIAS.;17/08/2016;ARQ - SETOR DE ARQUIVO;MARCELLO CHIODO                                   ;APROVADO;;11951
3299;2010;PLL;160;INSTITUI O MEMORIAL EM HOMENAGEM AO CHIMARRAO E DA OUTRAS PROVIDENCIAS.;21/01/2016;ARQ - SETOR DE ARQUIVO;BERNARDINO VENDRUSCOLO;APROVADO;;11815
674;2009;PLL;12;RESERVA 10% (DEZ POR CENTO) DAS UNIDADES DE MORADIA E OS APARTAMENTOS TERREOS AS PESSOAS IDOSAS E AS PESSOAS COM DEFICIENCIA CONTEMPLADAS COMO BENEFICIARIAS NOS PROGRAMAS HABITACIONAIS POPULARES IMPLANTADOS PELO EXECUTIVO MUNICIPAL, REVOGA A LEI N. 10396, DE 1 DE ABRIL DE 2008, E DA OUTRAS PROVIDENCIAS.;26/07/2016;ARQ - SETOR DE ARQUIVO;WALDIR CANAL                                      ;APROVADO;;11994
